announce_date,code,announce_time,announce_timing,time_confirmed,fiscal_q,source,updated_at
2026-10-13,1401,,引け後,false,Q1,jpx,2026-10-10T02:25
2026-10-13,1419,,引け後,false,Q1,jpx,2026-10-10T02:25
2026-10-13,189A,,引け後,false,Q1,jpx,2026-10-10T02:25
2026-10-13,2164,,引け後,false,FY,jpx,2026-10-10T02:25
2026-10-13,228A,,引け後,false,Q3,jpx,2026-10-10T02:25
2026-10-13,2338,,引け後,false,Q2,jpx,2026-10-10T02:25
2026-10-13,2379,,引け後,false,Q2,jpx,2026-10-10T02:25
2026-10-13,2653,,引け後,false,Q2,jpx,2026-10-10T02:25
2026-10-13,2668,,引け後,false,Q2,jpx,2026-10-10T02:25
2026-10-13,2736,,引け後,false,FY,jpx,2026-10-10T02:25
2026-10-13,2769,,引け後,false,Q1,jpx,2026-10-10T02:25
2026-10-13,2791,,引け後,false,Q1,jpx,2026-10-10T02:25
2026-10-13,3080,,引け後,false,Q2,jpx,2026-10-10T02:25
2026-10-13,3086,,引け後,false,Q2,jpx,2026-10-10T02:25
2026-10-13,3087,,引け後,false,Q2,jpx,2026-10-10T02:25
2026-10-13,3236,,引け後,false,Q1,jpx,2026-10-10T02:25
2026-10-13,3267,,引け後,false,Q3,jpx,2026-10-10T02:25
2026-10-13,3297,,引け後,false,Q1,jpx,2026-10-10T02:25
2026-10-13,3349,,引け後,false,Q1,jpx,2026-10-10T02:25
2026-10-13,3647,,引け後,false,FY,jpx,2026-10-10T02:25
2026-10-13,4176,,引け後,false,FY,jpx,2026-10-10T02:25
2026-10-13,4198,,引け後,false,Q1,jpx,2026-10-10T02:25
2026-10-13,4199,,引け後,false,FY,jpx,2026-10-10T02:25
2026-10-13,4343,,引け後,false,Q2,jpx,2026-10-10T02:25
2026-10-13,4714,,引け後,false,Q2,jpx,2026-10-10T02:25
2026-10-13,4920,,引け後,false,Q2,jpx,2026-10-10T02:25
2026-10-13,575A,,引け後,false,Q1,jpx,2026-10-10T02:25
2026-10-13,6159,,引け後,false,FY,jpx,2026-10-10T02:25
2026-10-13,6217,,引け後,false,Q3,jpx,2026-10-10T02:25
2026-10-13,6432,,引け後,false,Q2,jpx,2026-10-10T02:25
2026-10-13,7085,,引け後,false,FY,jpx,2026-10-10T02:25
2026-10-13,7219,,引け後,false,FY,jpx,2026-10-10T02:25
2026-10-13,7512,,引け後,false,Q2,jpx,2026-10-10T02:25
2026-10-13,7516,,引け後,false,Q2,jpx,2026-10-10T02:25
2026-10-13,7520,,引け後,false,Q2,jpx,2026-10-10T02:25
2026-10-13,7607,,引け後,false,FY,jpx,2026-10-10T02:25
2026-10-13,7725,,引け後,false,Q1,jpx,2026-10-10T02:25
2026-10-13,7811,,引け後,false,Q2,jpx,2026-10-10T02:25
2026-10-13,8095,,引け後,false,Q3,jpx,2026-10-10T02:25
2026-10-13,8181,,引け後,false,Q2,jpx,2026-10-10T02:25
2026-10-13,8198,,引け後,false,Q2,jpx,2026-10-10T02:25
2026-10-13,8247,,引け後,false,Q2,jpx,2026-10-10T02:25
2026-10-13,8267,,引け後,false,Q2,jpx,2026-10-10T02:25
2026-10-13,8273,,引け後,false,Q2,jpx,2026-10-10T02:25
2026-10-13,8904,,引け後,false,FY,jpx,2026-10-10T02:25
2026-10-13,9216,,引け後,false,Q1,jpx,2026-10-10T02:25
2026-10-13,9278,,引け後,false,Q1,jpx,2026-10-10T02:25
2026-10-13,9661,,引け後,false,Q2,jpx,2026-10-10T02:25
2026-10-13,9812,,引け後,false,Q1,jpx,2026-10-10T02:25
2026-10-13,9876,,引け後,false,Q2,jpx,2026-10-10T02:25
2026-10-13,9948,,引け後,false,Q2,jpx,2026-10-10T02:25
2026-10-14,135A,,引け後,false,Q2,jpx,2026-10-10T02:25
2026-10-14,138A,,引け後,false,Q3,jpx,2026-10-10T02:25
2026-10-14,1434,,引け後,false,FY,jpx,2026-10-10T02:25
2026-10-14,156A,,引け後,false,FY,jpx,2026-10-10T02:25
2026-10-14,2153,,引け後,false,Q1,jpx,2026-10-10T02:25
2026-10-14,2186,,引け後,false,Q2,jpx,2026-10-10T02:25
2026-10-14,2292,,引け後,false,Q2,jpx,2026-10-10T02:25
2026-10-14,2305,,引け後,false,Q2,jpx,2026-10-10T02:25
2026-10-14,2337,,引け後,false,Q2,jpx,2026-10-10T02:25
2026-10-14,2459,,引け後,false,Q1,jpx,2026-10-10T02:25
2026-10-14,2462,,引け後,false,Q1,jpx,2026-10-10T02:25
2026-10-14,2471,,引け後,false,Q3,jpx,2026-10-10T02:25
2026-10-14,2872,,引け後,false,Q2,jpx,2026-10-10T02:25
2026-10-14,2882,,引け後,false,Q2,jpx,2026-10-10T02:25
2026-10-14,3030,,引け後,false,Q2,jpx,2026-10-10T02:25
2026-10-14,3045,,引け後,false,FY,jpx,2026-10-10T02:25
2026-10-14,3065,,引け後,false,Q2,jpx,2026-10-10T02:25
2026-10-14,3075,,引け後,false,Q2,jpx,2026-10-10T02:25
2026-10-14,3077,,引け後,false,Q3,jpx,2026-10-10T02:25
2026-10-14,3083,,引け後,false,Q2,jpx,2026-10-10T02:25
2026-10-14,3093,,引け後,false,Q2,jpx,2026-10-10T02:25
2026-10-14,3139,,引け後,false,Q3,jpx,2026-10-10T02:25
2026-10-14,3168,,引け後,false,FY,jpx,2026-10-10T02:25
2026-10-14,3177,,引け後,false,Q2,jpx,2026-10-10T02:25
2026-10-14,3181,,引け後,false,Q2,jpx,2026-10-10T02:25
2026-10-14,323A,,引け後,false,Q2,jpx,2026-10-10T02:25
2026-10-14,3280,,引け後,false,Q2,jpx,2026-10-10T02:25
2026-10-14,3387,,引け後,false,Q2,jpx,2026-10-10T02:25
2026-10-14,339A,,引け後,false,Q2,jpx,2026-10-10T02:25
2026-10-14,340A,,引け後,false,Q1,jpx,2026-10-10T02:25
2026-10-14,3536,,引け後,false,FY,jpx,2026-10-10T02:25
2026-10-14,3543,,引け後,false,Q2,jpx,2026-10-10T02:25
2026-10-14,3560,,引け後,false,FY,jpx,2026-10-10T02:25
2026-10-14,3562,,引け後,false,Q2,jpx,2026-10-10T02:25
2026-10-14,3608,,引け後,false,Q2,jpx,2026-10-10T02:25
2026-10-14,365A,,引け後,false,Q2,jpx,2026-10-10T02:25
2026-10-14,3678,,引け後,false,Q2,jpx,2026-10-10T02:25
2026-10-14,3760,,引け後,false,Q1,jpx,2026-10-10T02:25
2026-10-14,3892,,引け後,false,Q1,jpx,2026-10-10T02:25
2026-10-14,3922,,引け後,false,Q2,jpx,2026-10-10T02:25
2026-10-14,3967,,引け後,false,Q2,jpx,2026-10-10T02:25
2026-10-14,3987,,引け後,false,FY,jpx,2026-10-10T02:25
2026-10-14,3991,,引け後,false,FY,jpx,2026-10-10T02:25
2026-10-14,4057,,引け後,false,Q1,jpx,2026-10-10T02:25
2026-10-14,4076,,引け後,false,Q1,jpx,2026-10-10T02:25
2026-10-14,4397,,引け後,false,FY,jpx,2026-10-10T02:25
2026-10-14,4429,,引け後,false,Q2,jpx,2026-10-10T02:25
2026-10-14,4432,,引け後,false,Q2,jpx,2026-10-10T02:25
2026-10-14,4577,,引け後,false,Q1,jpx,2026-10-10T02:25
2026-10-14,464A,,引け後,false,Q1,jpx,2026-10-10T02:25
2026-10-14,4668,,引け後,false,FY,jpx,2026-10-10T02:25
2026-10-14,4673,,引け後,false,Q3,jpx,2026-10-10T02:25
2026-10-14,505A,,引け後,false,Q1,jpx,2026-10-10T02:25
2026-10-14,5129,,引け後,false,FY,jpx,2026-10-10T02:25
2026-10-14,523A,,引け後,false,Q1,jpx,2026-10-10T02:25
2026-10-14,5246,,引け後,false,Q3,jpx,2026-10-10T02:25
2026-10-14,5250,,引け後,false,Q3,jpx,2026-10-10T02:25
2026-10-14,542A,,引け後,false,Q2,jpx,2026-10-10T02:25
2026-10-14,5578,,引け後,false,FY,jpx,2026-10-10T02:25
2026-10-14,5885,,引け後,false,Q1,jpx,2026-10-10T02:25
2026-10-14,5967,,引け後,false,Q1,jpx,2026-10-10T02:25
2026-10-14,6047,,引け後,false,Q1,jpx,2026-10-10T02:25
2026-10-14,6086,,引け後,false,Q2,jpx,2026-10-10T02:25
2026-10-14,6183,,引け後,false,Q2,jpx,2026-10-10T02:25
2026-10-14,6505,,引け後,false,Q1,jpx,2026-10-10T02:25
2026-10-14,6552,,引け後,false,Q1,jpx,2026-10-10T02:25
2026-10-14,6558,,引け後,false,Q3,jpx,2026-10-10T02:25
2026-10-14,6634,,引け後,false,Q3,jpx,2026-10-10T02:25
2026-10-14,6897,,引け後,false,Q2,jpx,2026-10-10T02:25
2026-10-14,7373,,引け後,false,FY,jpx,2026-10-10T02:25
2026-10-14,7453,,引け後,false,FY,jpx,2026-10-10T02:25
2026-10-14,7581,,引け後,false,FY,jpx,2026-10-10T02:25
2026-10-14,7599,,引け後,false,Q2,jpx,2026-10-10T02:25
2026-10-14,7601,,引け後,false,Q2,jpx,2026-10-10T02:25
2026-10-14,7608,,引け後,false,Q2,jpx,2026-10-10T02:25
2026-10-14,7805,,引け後,false,FY,jpx,2026-10-10T02:25
2026-10-14,7847,,引け後,false,Q2,jpx,2026-10-10T02:25
2026-10-14,7879,,引け後,false,Q3,jpx,2026-10-10T02:25
2026-10-14,7928,,引け後,false,FY,jpx,2026-10-10T02:25
2026-10-14,8143,,引け後,false,Q2,jpx,2026-10-10T02:25
2026-10-14,8237,,引け後,false,Q2,jpx,2026-10-10T02:25
2026-10-14,8260,,引け後,false,Q2,jpx,2026-10-10T02:25
2026-10-14,9168,,引け後,false,Q2,jpx,2026-10-10T02:25
2026-10-14,9264,,引け後,false,FY,jpx,2026-10-10T02:25
2026-10-14,9331,,引け後,false,FY,jpx,2026-10-10T02:25
2026-10-14,9418,,引け後,false,FY,jpx,2026-10-10T02:25
2026-10-14,9560,,引け後,false,FY,jpx,2026-10-10T02:25
2026-10-14,9601,,引け後,false,Q2,jpx,2026-10-10T02:25
2026-10-14,9837,,引け後,false,Q3,jpx,2026-10-10T02:25
2026-10-14,9993,,引け後,false,Q2,jpx,2026-10-10T02:25
2026-10-15,1407,,引け後,false,FY,jpx,2026-10-10T02:25
2026-10-15,1418,,引け後,false,Q2,jpx,2026-10-10T02:25
2026-10-15,1430,,引け後,false,Q1,jpx,2026-10-10T02:25
2026-10-15,1887,,引け後,false,Q1,jpx,2026-10-10T02:25
2026-10-15,190A,,引け後,false,FY,jpx,2026-10-10T02:25
2026-10-15,198A,,引け後,false,Q1,jpx,2026-10-10T02:25
2026-10-15,205A,,引け後,false,Q1,jpx,2026-10-10T02:25
2026-10-15,2168,,引け後,false,Q1,jpx,2026-10-10T02:25
2026-10-15,2404,,引け後,false,FY,jpx,2026-10-10T02:25
2026-10-15,2437,,引け後,false,Q1,jpx,2026-10-10T02:25
2026-10-15,2449,,引け後,false,FY,jpx,2026-10-10T02:25
2026-10-15,244A,,引け後,false,FY,jpx,2026-10-10T02:25
2026-10-15,245A,,引け後,false,FY,jpx,2026-10-10T02:25
2026-10-15,2484,,引け後,false,FY,jpx,2026-10-10T02:25
2026-10-15,274A,,引け後,false,Q2,jpx,2026-10-10T02:25
2026-10-15,276A,,引け後,false,FY,jpx,2026-10-10T02:25
2026-10-15,277A,,引け後,false,Q1,jpx,2026-10-10T02:25
2026-10-15,2798,,引け後,false,Q2,jpx,2026-10-10T02:25
2026-10-15,280A,,引け後,false,Q3,jpx,2026-10-10T02:25
2026-10-15,2884,,引け後,false,Q2,jpx,2026-10-10T02:25
2026-10-15,2901,,引け後,false,FY,jpx,2026-10-10T02:25
2026-10-15,2927,,引け後,false,FY,jpx,2026-10-10T02:25
2026-10-15,2930,,引け後,false,Q2,jpx,2026-10-10T02:25
2026-10-15,2934,,引け後,false,Q1,jpx,2026-10-10T02:25
2026-10-15,2936,,引け後,false,Q2,jpx,2026-10-10T02:25
2026-10-15,3021,,引け後,false,Q1,jpx,2026-10-10T02:25
2026-10-15,304A,,引け後,false,Q2,jpx,2026-10-10T02:25
2026-10-15,3174,,引け後,false,FY,jpx,2026-10-10T02:25
2026-10-15,3189,,引け後,false,FY,jpx,2026-10-10T02:25
2026-10-15,3223,,引け後,false,Q2,jpx,2026-10-10T02:25
2026-10-15,325A,,引け後,false,FY,jpx,2026-10-10T02:25
2026-10-15,3266,,引け後,false,Q3,jpx,2026-10-10T02:25
2026-10-15,3281,,引け後,false,,jpx,2026-10-10T02:25
2026-10-15,3440,,引け後,false,FY,jpx,2026-10-10T02:25
2026-10-15,3479,,引け後,false,Q2,jpx,2026-10-10T02:25
2026-10-15,3547,,引け後,false,Q3,jpx,2026-10-10T02:25
2026-10-15,3548,,引け後,false,Q2,jpx,2026-10-10T02:25
2026-10-15,3557,,引け後,false,Q2,jpx,2026-10-10T02:25
2026-10-15,3558,,引け後,false,Q2,jpx,2026-10-10T02:25
2026-10-15,3645,,引け後,false,Q1,jpx,2026-10-10T02:25
2026-10-15,367A,,引け後,false,FY,jpx,2026-10-10T02:25
2026-10-15,3697,,引け後,false,FY,jpx,2026-10-10T02:25
2026-10-15,369A,,引け後,false,FY,jpx,2026-10-10T02:25
2026-10-15,372A,,引け後,false,Q1,jpx,2026-10-10T02:25
2026-10-15,373A,,引け後,false,FY,jpx,2026-10-10T02:25
2026-10-15,3791,,引け後,false,Q1,jpx,2026-10-10T02:25
2026-10-15,3810,,引け後,false,Q1,jpx,2026-10-10T02:25
2026-10-15,3826,,引け後,false,Q2,jpx,2026-10-10T02:25
2026-10-15,3915,,引け後,false,Q2,jpx,2026-10-10T02:25
2026-10-15,3935,,引け後,false,Q2,jpx,2026-10-10T02:25
2026-10-15,3994,,引け後,false,Q3,jpx,2026-10-10T02:25
2026-10-15,4015,,引け後,false,FY,jpx,2026-10-10T02:25
2026-10-15,4016,,引け後,false,Q3,jpx,2026-10-10T02:25
2026-10-15,402A,,引け後,false,Q1,jpx,2026-10-10T02:25
2026-10-15,414A,,引け後,false,FY,jpx,2026-10-10T02:25
2026-10-15,4197,,引け後,false,Q3,jpx,2026-10-10T02:25
2026-10-15,4270,,引け後,false,Q2,jpx,2026-10-10T02:25
2026-10-15,4370,,引け後,false,FY,jpx,2026-10-10T02:25
2026-10-15,4412,,引け後,false,FY,jpx,2026-10-10T02:25
2026-10-15,4413,,引け後,false,Q2,jpx,2026-10-10T02:25
2026-10-15,4434,,引け後,false,Q2,jpx,2026-10-10T02:25
2026-10-15,4439,,引け後,false,FY,jpx,2026-10-10T02:25
2026-10-15,4616,,引け後,false,Q3,jpx,2026-10-10T02:25
2026-10-15,469A,,引け後,false,Q3,jpx,2026-10-10T02:25
2026-10-15,4885,,引け後,false,Q1,jpx,2026-10-10T02:25
2026-10-15,5018,,引け後,false,Q2,jpx,2026-10-10T02:25
2026-10-15,5025,,引け後,false,Q2,jpx,2026-10-10T02:25
2026-10-15,5026,,引け後,false,FY,jpx,2026-10-10T02:25
2026-10-15,5078,,引け後,false,Q2,jpx,2026-10-10T02:25
2026-10-15,5527,,引け後,false,Q3,jpx,2026-10-10T02:25
2026-10-15,5574,,引け後,false,FY,jpx,2026-10-10T02:25
2026-10-15,5575,,引け後,false,Q1,jpx,2026-10-10T02:25
2026-10-15,5580,,引け後,false,FY,jpx,2026-10-10T02:25
2026-10-15,5817,,引け後,false,Q2,jpx,2026-10-10T02:25
2026-10-15,581A,,引け後,false,Q1,jpx,2026-10-10T02:25
2026-10-15,5869,,引け後,false,Q1,jpx,2026-10-10T02:25
2026-10-15,589A,,引け後,false,FY,jpx,2026-10-10T02:25
2026-10-15,6058,,引け後,false,Q2,jpx,2026-10-10T02:25
2026-10-15,6150,,引け後,false,Q1,jpx,2026-10-10T02:25
2026-10-15,6182,,引け後,false,Q2,jpx,2026-10-10T02:25
2026-10-15,618A,,引け後,false,FY,jpx,2026-10-10T02:25
2026-10-15,6199,,引け後,false,FY,jpx,2026-10-10T02:25
2026-10-15,6224,,引け後,false,Q2,jpx,2026-10-10T02:25
2026-10-15,623A,,引け後,false,Q3,jpx,2026-10-10T02:25
2026-10-15,6521,,引け後,false,Q2,jpx,2026-10-10T02:25
2026-10-15,6522,,引け後,false,FY,jpx,2026-10-10T02:25
2026-10-15,6532,,引け後,false,Q2,jpx,2026-10-10T02:25
2026-10-15,6543,,引け後,false,Q2,jpx,2026-10-10T02:25
2026-10-15,6555,,引け後,false,Q2,jpx,2026-10-10T02:25
2026-10-15,6572,,引け後,false,Q2,jpx,2026-10-10T02:25
2026-10-15,6578,,引け後,false,Q2,jpx,2026-10-10T02:25
2026-10-15,6866,,引け後,false,Q3,jpx,2026-10-10T02:25
2026-10-15,7035,,引け後,false,FY,jpx,2026-10-10T02:25
2026-10-15,7049,,引け後,false,Q2,jpx,2026-10-10T02:25
2026-10-15,7065,,引け後,false,FY,jpx,2026-10-10T02:25
2026-10-15,7074,,引け後,false,Q3,jpx,2026-10-10T02:25
2026-10-15,7077,,引け後,false,Q2,jpx,2026-10-10T02:25
2026-10-15,7083,,引け後,false,Q3,jpx,2026-10-10T02:25
2026-10-15,7351,,引け後,false,FY,jpx,2026-10-10T02:25
2026-10-15,7352,,引け後,false,FY,jpx,2026-10-10T02:25
2026-10-15,7357,,引け後,false,Q2,jpx,2026-10-10T02:25
2026-10-15,7360,,引け後,false,Q3,jpx,2026-10-10T02:25
2026-10-15,7388,,引け後,false,Q3,jpx,2026-10-10T02:25
2026-10-15,7514,,引け後,false,FY,jpx,2026-10-10T02:25
2026-10-15,7610,,引け後,false,Q2,jpx,2026-10-10T02:25
2026-10-15,7689,,引け後,false,Q2,jpx,2026-10-10T02:25
2026-10-15,7719,,引け後,false,Q2,jpx,2026-10-10T02:25
2026-10-15,7730,,引け後,false,FY,jpx,2026-10-10T02:25
2026-10-15,7807,,引け後,false,Q2,jpx,2026-10-10T02:25
2026-10-15,7808,,引け後,false,Q1,jpx,2026-10-10T02:25
2026-10-15,7815,,引け後,false,Q2,jpx,2026-10-10T02:25
2026-10-15,7818,,引け後,false,FY,jpx,2026-10-10T02:25
2026-10-15,7997,,引け後,false,Q3,jpx,2026-10-10T02:25
2026-10-15,8167,,引け後,false,Q2,jpx,2026-10-10T02:25
2026-10-15,8233,,引け後,false,Q2,jpx,2026-10-10T02:25
2026-10-15,8254,,引け後,false,FY,jpx,2026-10-10T02:25
2026-10-15,8783,,引け後,false,FY,jpx,2026-10-10T02:25
2026-10-15,8887,,引け後,false,Q1,jpx,2026-10-10T02:25
2026-10-15,9215,,引け後,false,Q3,jpx,2026-10-10T02:25
2026-10-15,9238,,引け後,false,Q2,jpx,2026-10-10T02:25
2026-10-15,9241,,引け後,false,FY,jpx,2026-10-10T02:25
2026-10-15,9250,,引け後,false,Q3,jpx,2026-10-10T02:25
2026-10-15,9252,,引け後,false,FY,jpx,2026-10-10T02:25
2026-10-15,9326,,引け後,false,Q2,jpx,2026-10-10T02:25
2026-10-15,9602,,引け後,false,Q2,jpx,2026-10-10T02:25
2026-10-15,9628,,引け後,false,FY,jpx,2026-10-10T02:25
2026-10-15,9778,,引け後,false,Q2,jpx,2026-10-10T02:25
2026-10-15,9978,,引け後,false,FY,jpx,2026-10-10T02:25
2026-10-15,9979,,引け後,false,FY,jpx,2026-10-10T02:25
2026-10-16,2411,,引け後,false,Q2,jpx,2026-10-10T02:25
2026-10-16,2972,,引け後,false,,jpx,2026-10-10T02:25
2026-10-16,3462,,引け後,false,,jpx,2026-10-10T02:25
2026-10-19,3295,,引け後,false,,jpx,2026-10-10T02:25
2026-10-19,3481,,引け後,false,,jpx,2026-10-10T02:25
2026-10-19,3488,,引け後,false,,jpx,2026-10-10T02:25
2026-10-19,8984,,引け後,false,,jpx,2026-10-10T02:25
