code,url
1376,https://www.kanekoseeds.jp
1383,https://www.bergearth.co.jp/
1723,https://www.nihondengi.co.jp/
1758,https://www.taiyoukiso.co.jp
1766,https://www.token.co.jp/
1840,https://www.tsuchiya.co.jp
1844,https://www.ohmori.co.jp
1928,https://www.sekisuihouse.co.jp
1997,https://www.eazima.co.jp/
2294,https://www.kakiyasuhonten.co.jp
2300,http://www.cl-kyokuto.co.jp
2303,https://www.dawn-corp.co.jp
2341,http://www.atimes.co.jp
2345,http://www.hodl1.jp/
2353,http://www.n-p-d.co.jp
2373,https://www.care21.co.jp/
2375,https://www.gig.co.jp/
2391,https://www.planet-van.co.jp/
2408,https://www.kg-net.co.jp
2438,https://www.asukanet.co.jp
2493,https://www.e-supportlink.com/
2659,https://www.san-a.co.jp
2687,https://www.cvs-bayarea.co.jp
2695,https://www.kurasushi.co.jp/
2722,https://www.ai-kei.co.jp
2726,http://www.palgroup.holdings/
272A,https://www.green-cross-hd.co.jp
2734,https://www.sala.jp/
2735,https://www.watts-jp.com
2742,https://www.halows.com/
2747,https://www.hokuyu-lucky.co.jp/
2753,https://www.amiyakitei.co.jp
2776,http://www.shintohd.co.jp
2789,http://www.re-marumatu.co.jp
2792,https://www.honeys.co.jp/
2796,https://www.pharmarise.com
2923,https://www.satosyokuhin.co.jp
2929,https://www.pharmafoods.co.jp/
2935,https://www.pickles-hd.co.jp
2989,https://www.tokaido-reit.co.jp/
2999,https://www.homeposition.co.jp/
3038,https://www.kobebussan.co.jp/
3046,https://jinsholdings.com
3048,https://www.biccamera.co.jp/ir/
3089,https://www.technoalpha.co.jp/
3148,http://www.createsdhd.co.jp/
3160,https://www.oomitsu.com
3161,https://www.azearth.co.jp/
3169,https://www.misawa-corp.co.jp/
3186,https://www.nextage.jp/
3192,https://www.shirohato.co.jp/
3201,https://www.nikke.co.jp
3246,https://www.kose-re.jp
3248,http://www.early-age.co.jp
3249,https://www.iif-reit.com/
3282,https://www.comforia-reit.co.jp
3353,https://www.m-ikkou.co.jp/
3361,https://www.toell.co.jp
3391,https://www.tsuruha-hd.co.jp
3396,https://www.felissimo.co.jp
3418,https://www.balnibarbi.com
3419,http://www.artgreen.co.jp/
3421,https://www.inaba-ss.co.jp
3441,https://www.sanno.co.jp/
3444,https://www.kikuchiseisakusho.co.jp
3459,https://www.samty-residential.com
3468,https://starasia-reit.com
3471,https://www.mflp-r.co.jp
3501,https://suminoe.co.jp/
3524,https://www.nittoseimo.co.jp/
3539,https://jm-holdings.co.jp/
3544,https://satudora-hd.co.jp
3549,http://www.kusuri-aoki-hd.co.jp/
3607,https://www.kuraudia.holdings/
3733,https://www.softs.co.jp
3804,https://www.systemd.co.jp/
3815,http://www.mkb.ne.jp
3824,https://www.media5.co.jp/
3955,https://www.imura.co.jp
3996,https://signpost.co.jp/
401A,http://www.kasumigaseki-hotel-reit.co.jp
4026,https://www.konoshima.co.jp/
428A,https://www.cypress-holdings.co.jp/
4334,https://www.yukes.co.jp
4361,https://www.kawachem.co.jp
4380,https://www.m-mart.co.jp
4390,https://ipsism.co.jp
442A,https://classico.co.jp/
4440,https://www.witz-inc.co.jp/
4465,https://www.niitaka.co.jp
4475,https://hennge.com/jp/
4645,https://ir.ichishin.co.jp
4728,https://www.tose.co.jp/
4760,https://www.popalpha.co.jp
4829,https://www.nihon-e.co.jp
4923,https://www.cota.co.jp/
4995,https://www.sankei-chem.com/
5075,https://www.upcon.co.jp
5076,https://www.infroneer.com
5079,https://www.novac-cnst.co.jp
5131,https://corp.linkers.net/
5271,https://www.toyoasano.co.jp/
5341,https://www.asahieito-holdings.co.jp/
5900,https://daiken.ne.jp
5942,https://www.filcon.co.jp/
5971,https://www.kyowakogyosyo.co.jp/
5982,https://www.maruzen-kitchen.co.jp
6040,https://www.nippon-ski.jp/
6136,https://www.osg.co.jp/about_us/ir/
6267,https://www.general-packer.co.jp
6336,https://www.ishiihyoki.co.jp/
6387,https://www.samco.co.jp
6407,https://www.ckd.co.jp/
6469,https://www.hsk.co.jp
6474,https://www.nachi-fujikoshi.co.jp/
6496,https://www.nakakita-s.co.jp
6497,https://www.hamai-net.com
6506,https://www.yaskawa.co.jp
6594,https://www.nidec.com/jp/
6619,https://w-scope.co.jp/
6656,https://www.inspec21.com
6664,https://www.opto.co.jp/
6668,https://www.adtec-rf.co.jp/
6757,https://www.osg-nandemonet.co.jp
6778,https://www.artiza.co.jp/
6814,https://www.furuno.co.jp/
6838,https://www.tmex.co.jp
6898,https://www.tomita-electric.com/
7034,https://www.prored-p.com/
7058,https://www.kyoei-ss.co.jp/
7227,https://www.aska.co.jp
7427,https://www.echotd.co.jp
7463,http://www.advan.co.jp
7501,https://www.tiemco.co.jp
7545,https://www.24028.jp/
7603,https://gyet.co.jp
7604,https://www.umenohana.co.jp/investor/
7614,https://www.om2.co.jp/
7624,https://naito.net/
7630,https://www.ichibanya.co.jp/
7649,https://www.sugi-hd.co.jp/
7678,http://www.asakuma.co.jp/
7679,https://www.yakuodo-hd.co.jp/
7682,https://www.hamayuu.co.jp
7713,https://www.sigma-koki.com/
7777,http://www.3d-matrix.co.jp/
7810,https://crossfor.co.jp/
7831,https://www.wellco-corp.com/
7850,https://www.shouken.co.jp
7870,https://www.fuku.co.jp
7878,https://www.kohsai-qq.co.jp
7888,https://www.sankogosei.co.jp
7901,https://www.matsumoto-inc.co.jp
7915,https://www.nissha.com
7921,https://www.takara-company.co.jp/
7975,https://www.lihit-lab.com/
7983,https://www.miroku-jp.com/
8008,https://yondoshi.co.jp/
8013,http://www.naigai.co.jp/
8077,https://www.torq.co.jp
8127,https://www.yamatointr.co.jp/
8185,http://www.chiyodagrp.co.jp
8217,https://www.okuwa.net
8227,https://www.shimamura.gr.jp/
8276,https://www.heiwado.jp/
8570,https://www.aeonfinancial.co.jp/
8908,https://www.maicom.co.jp
8918,https://www.land.jp
8923,https://www.toseicorp.co.jp
8931,https://www.wadakohsan.co.jp
8957,https://www.tokyu-reit.co.jp/
8967,https://8967.jp/
9166,https://genda.jp
9262,https://www.silver-life.co.jp/
9265,https://www.yhchd.co.jp/
9313,https://www.maru8.co.jp
9369,https://www.krs.co.jp/
9381,https://www.ait-jp.com/
9414,https://www.bs11.jp
9603,https://www.his.co.jp/
9627,https://www.ainj.co.jp/corporate/
9632,https://subaru-kougyou.jp/
9636,https://corporate.kin-ei.co.jp
9647,http://www.kyowa-c.co.jp
9651,https://www.jpd.co.jp/
9692,https://www.cec-ltd.co.jp
9720,https://www.hotel-newgrand.co.jp
9740,https://www.we-are-csp.co.jp
9765,http://www.k-ohba.co.jp
9793,https://www.daiseki.co.jp
9846,https://www.tenmaya-store.co.jp
9861,https://www.yoshinoya-holdings.com
9872,https://www.kitakei.jp/
9903,https://www.kanseki.co.jp
9972,https://www.altech.co.jp
9974,https://www.belc.jp
9976,https://www.sekichu.co.jp
9982,https://www.takihyo.co.jp
9983,https://www.fastretailing.com/jp/
