code,fetched_at,n_0y,eps_0y,rev_0y,n_1y,eps_1y,rev_1y
1377,2026-10-10T16:51,2.0,260.8,110195000000.0,2.0,280.75,114645000000.0
1723,2026-10-10T16:51,1.0,141.2,50000000000.0,1.0,156.9,54000000000.0
1766,2026-10-10T16:51,1.0,1531.4,410000000000.0,1.0,1594.5,437000000000.0
186A,2026-10-10T16:51,3.0,-56.01333,9155727540.0,3.0,-30.99,18930729080.0
1928,2026-10-10T16:51,8.0,348.02792,4298940452090.0,9.0,365.59644,4477523260420.0
212A,2026-10-10T16:51,1.0,148.0,14320000000.0,2.0,171.3,18000000000.0
2157,2026-10-10T16:51,1.0,91.7,92600000000.0,1.0,102.0,101500000000.0
215A,2026-10-10T16:51,4.0,70.2,48700000000.0,6.0,86.2,61000000000.0
218A,2026-10-10T16:51,1.0,-55.4,2300000000.0,1.0,-25.2,3300000000.0
2198,2026-10-10T16:51,1.0,32.2,23450000000.0,1.0,32.2,24450000000.0
2301,2026-10-10T16:51,1.0,149.2,12000000000.0,1.0,162.3,13000000000.0
2353,2026-10-10T16:51,1.0,18.6,44400000000.0,1.0,19.8,47700000000.0
2659,2026-10-10T16:51,3.0,189.84,264166666670.0,3.0,196.38333,276600000000.0
2670,2026-10-10T16:51,10.0,194.38493,403866232680.0,10.0,202.61893,421473664180.0
2678,2026-10-10T16:51,8.0,41.30053,473650348120.0,7.0,68.30317,497340954170.0
2685,2026-10-10T16:51,6.0,252.16415,313780000000.0,6.0,277.2624,328083333330.0
2695,2026-10-10T16:51,4.0,34.475,256779500000.0,4.0,38.325,269727500000.0
2726,2026-10-10T16:51,4.0,109.0175,248625000000.0,4.0,118.79,263150000000.0
2735,2026-10-10T16:51,1.0,83.1,65200000000.0,,,
2753,2026-10-10T16:51,1.0,70.6,41000000000.0,1.0,75.4,43800000000.0
278A,2026-10-10T16:51,1.0,-64.9,5300000000.0,1.0,-33.7,6200000000.0
2809,2026-10-10T16:51,5.0,188.17,532243640400.0,8.0,210.8517,555034727480.0
2918,2026-10-10T16:51,1.0,300.3,241100000000.0,1.0,375.4,263100000000.0
2929,2026-10-10T16:51,1.0,54.4,69500000000.0,1.0,59.22,72700000000.0
2935,2026-10-10T16:51,2.0,108.71,40700000000.0,1.0,123.06,41400000000.0
2975,2026-10-10T16:51,1.0,191.5,89291000000.0,1.0,192.6,109170000000.0
2983,2026-10-10T16:51,1.0,308.31,56520000000.0,1.0,339.81,62650000000.0
3038,2026-10-10T16:51,9.0,140.86526,583714020740.0,9.0,150.43282,651669102800.0
3046,2026-10-10T16:51,7.0,377.40167,123042857140.0,9.0,429.03836,135351111110.0
3048,2026-10-10T16:51,1.0,115.6,1053600000000.0,3.0,118.52,1091366666670.0
3050,2026-10-10T16:51,1.0,128.7,572000000000.0,1.0,141.3,569500000000.0
3063,2026-10-10T16:51,1.0,23.2,13300000000.0,1.0,23.2,14100000000.0
3134,2026-10-10T16:51,1.0,21.2,23100000000.0,1.0,24.4,25100000000.0
3180,2026-10-10T16:51,1.0,114.8,43300000000.0,1.0,137.9,45700000000.0
3186,2026-10-10T16:51,3.0,222.6,785331166670.0,6.0,276.24667,864162166670.0
3193,2026-10-10T16:51,1.0,81.9,57600000000.0,2.0,72.525,61775000000.0
3222,2026-10-10T16:51,1.0,-17.5,1113000000000.0,1.0,8.0,1147000000000.0
3333,2026-10-10T16:51,1.0,83.7,82500000000.0,1.0,119.0,91000000000.0
3377,2026-10-10T16:51,1.0,46.1,39700000000.0,1.0,50.3,40700000000.0
3382,2026-10-10T16:51,10.0,121.2352,10507741933980.0,15.0,122.41155,10334627414480.0
3391,2026-10-10T16:51,9.0,105.77354,2542033333330.0,9.0,127.05737,2621022222220.0
3399,2026-10-10T16:51,1.0,196.8,48700000000.0,1.0,212.1,53400000000.0
3415,2026-10-10T16:51,2.0,34.1,27450000000.0,2.0,38.7,31450000000.0
3418,2026-10-10T16:51,1.0,25.9,16400000000.0,1.0,35.1,18200000000.0
3491,2026-10-10T16:51,2.0,138.1,315820000000.0,2.0,199.25,376605000000.0
3498,2026-10-10T16:51,3.0,996.9667,225376666670.0,3.0,1414.8,314466666670.0
350A,2026-10-10T16:51,1.0,44.9,7800000000.0,1.0,59.0,9400000000.0
3539,2026-10-10T16:51,1.0,149.1,216800000000.0,,,
3549,2026-10-10T16:51,5.0,216.7678,639860000000.0,4.0,227.81853,704080000000.0
3612,2026-10-10T16:51,1.0,178.6,295000000000.0,1.0,191.0,311000000000.0
3657,2026-10-10T16:51,1.0,28.3,47000000000.0,1.0,31.1,50000000000.0
3733,2026-10-10T16:51,1.0,1254.7,47200000000.0,1.0,1364.8,54000000000.0
4026,2026-10-10T16:51,1.0,181.6,30500000000.0,1.0,209.1,32500000000.0
4053,2026-10-10T16:51,1.0,39.7,18200000000.0,1.0,43.5,20100000000.0
4187,2026-10-10T16:51,5.0,285.25748,39860800000.0,7.0,310.7042,43059285710.0
4194,2026-10-10T16:51,8.0,488.655,118080736310.0,10.0,576.032,137156420049.0
428A,2026-10-10T16:51,1.0,59.6,15000000000.0,1.0,79.2,18000000000.0
4382,2026-10-10T16:51,1.0,19.7,6800000000.0,1.0,23.0,7500000000.0
4390,2026-10-10T16:51,1.0,328.4,20400000000.0,1.0,359.0,24500000000.0
441A,2026-10-10T16:51,1.0,30.6,4630000000.0,,,57000000000.0
4431,2026-10-10T16:51,1.0,150.6,15570000000.0,2.0,181.7,18928200000.0
4443,2026-10-10T16:51,9.0,73.478,63987644070.0,8.0,101.19925,75401826050.0
446A,2026-10-10T16:51,2.0,100.65,40700000000.0,2.0,143.3,57150000000.0
456A,2026-10-10T16:51,3.0,42.2,19786666670.0,4.0,60.45,30465750000.0
4592,2026-10-10T16:51,4.0,-60.55742,448275000.0,4.0,-59.04005,2194850000.0
460A,2026-10-10T16:51,1.0,65.2,2950000000000.0,1.0,79.8,3700000000.0
462A,2026-10-10T16:51,1.0,43.8,3880000000.0,1.0,60.4,5209000000.0
4716,2026-10-10T16:51,7.0,560.10236,308165857140.0,7.0,596.6432,332200000000.0
4735,2026-10-10T16:51,1.0,16.9,28200000000.0,1.0,32.5,29000000000.0
4763,2026-10-10T16:51,3.0,172.83333,67833333329.0,3.0,191.4,72433333330.0
4825,2026-10-10T16:51,1.0,90.6,26000000000.0,1.0,107.0,28070000000.0
4936,2026-10-10T16:51,1.0,8.7,14500000000.0,1.0,14.0,15500000000.0
4992,2026-10-10T16:51,1.0,178.4,51500000000.0,2.0,195.3,54500000000.0
4996,2026-10-10T16:51,3.0,63.04333,168991000000.0,3.0,64.07,169166666670.0
5032,2026-10-10T16:51,7.0,257.81143,61885874710.0,7.0,296.85144,69713565230.0
5076,2026-10-10T16:51,7.0,282.7314,1420328571430.0,7.0,248.1343,1504105714290.0
5132,2026-10-10T16:51,1.0,57.5,1900000000.0,1.0,83.1,2700000000.0
5136,2026-10-10T16:51,1.0,129.7,3610000000.0,1.0,148.2,4400000000.0
5218,2026-10-10T16:51,1.0,61.6,28400000000.0,1.0,69.8,29100000000.0
556A,2026-10-10T16:51,1.0,167.9,5900000000.0,1.0,248.2,7600000000.0
5572,2026-10-10T16:51,1.0,90.4,3100000000.0,1.0,115.9,3500000000.0
5888,2026-10-10T16:51,1.0,340.8,23500000000.0,1.0,435.0,28400000000.0
5889,2026-10-10T16:51,2.0,193.25,21405000000.0,2.0,228.55,23935000000.0
6136,2026-10-10T16:51,4.0,255.56265,184875000000.0,4.0,283.20514,197400000000.0
6184,2026-10-10T16:51,2.0,27.3,10050000000.0,2.0,37.25,11950000000.0
6255,2026-10-10T16:51,1.0,49.2,10000000000.0,1.0,62.1,11000000000.0
6268,2026-10-10T16:51,9.0,210.69357,347263267440.0,11.0,229.22627,366457175230.0
6289,2026-10-10T16:51,3.0,97.58667,30128333330.0,2.0,99.38,31400000000.0
6309,2026-10-10T16:51,1.0,146.3,63300000000.0,1.0,156.5,66400000000.0
6323,2026-10-10T16:51,5.0,195.9456,170945670000.0,6.0,253.50717,201231302500.0
6387,2026-10-10T16:51,1.0,398.4,15000000000.0,1.0,498.0,18100000000.0
6407,2026-10-10T16:51,11.0,327.71744,201680827270.0,10.0,378.46143,226212223930.0
6469,2026-10-10T16:51,1.0,81.5,16700000000.0,2.0,103.95,18450000000.0
6474,2026-10-10T16:51,2.0,330.8,249750000000.0,2.0,393.65,259700000000.0
6506,2026-10-10T16:51,8.0,179.39041,590797454550.0,18.0,225.60713,643290448010.0
6594,2026-10-10T16:51,8.0,149.26886,2639219359890.0,8.0,167.50168,2832600231260.0
6668,2026-10-10T16:51,1.0,386.6,19000000000.0,1.0,468.6,22000000000.0
6778,2026-10-10T16:51,1.0,22.8,2900000000.0,1.0,22.8,3200000000.0
6814,2026-10-10T16:51,4.0,488.25,155555000000.0,4.0,531.5,165055000000.0
6905,2026-10-10T16:51,2.0,74.255,33550000000.0,2.0,74.64,38500000000.0
6908,2026-10-10T16:51,5.0,211.316,60433400000.0,4.0,215.8475,65510250000.0
6966,2026-10-10T16:51,2.0,83.72,268300000000.0,3.0,73.32125,274766533330.0
7064,2026-10-10T16:51,1.0,9.3,3100000000.0,1.0,36.9,3400000000.0
7095,2026-10-10T16:51,2.0,133.885,35595000000.0,2.0,144.99,32370000000.0
7447,2026-10-10T16:51,1.0,85.4,17000000000.0,1.0,92.8,18400000000.0
7545,2026-10-10T16:51,2.0,136.61,205800000000.0,3.0,141.89667,212900000000.0
7611,2026-10-10T16:51,1.0,128.3,67000000000.0,1.0,140.0,72000000000.0
7630,2026-10-10T16:51,1.0,18.2,71500000000.0,1.0,19.4,74800000000.0
7649,2026-10-10T16:51,6.0,83.37006,1095285714290.0,9.0,97.78512,1189214285710.0
7888,2026-10-10T16:51,1.0,167.3,105000000000.0,1.0,170.6,108000000000.0
7915,2026-10-10T16:51,3.0,69.04333,197682308210.0,5.0,87.74571,204881753420.0
7965,2026-10-10T16:51,1.0,83.4,94700000000.0,1.0,89.7,98400000000.0
8008,2026-10-10T16:51,1.0,135.0,76400000000.0,1.0,148.9,81300000000.0
8016,2026-10-10T16:51,3.0,82.9,248665666670.0,3.0,89.03333,260363000000.0
8079,2026-10-10T16:51,1.0,235.3,133000000000.0,1.0,241.3,138000000000.0
8185,2026-10-10T16:51,2.0,19.875,80100000000.0,2.0,27.975,80100000000.0
8194,2026-10-10T16:51,3.0,218.86667,914866666670.0,3.0,227.83333,948666666670.0
8217,2026-10-10T16:51,1.0,5.7,256600000000.0,1.0,6.9,263100000000.0
8227,2026-10-10T16:51,10.0,232.95856,731130800000.0,10.0,244.1461,757523200000.0
8276,2026-10-10T16:51,1.0,195.1,475500000000.0,1.0,203.2,492400000000.0
8570,2026-10-10T16:51,8.0,91.81697,611718226240.0,8.0,127.21458,636920982060.0
8923,2026-10-10T16:51,4.0,167.35,114218000000.0,4.0,178.45,132087500000.0
9166,2026-10-10T16:51,1.0,39.0,222500000000.0,1.0,56.6,252900000000.0
9237,2026-10-10T16:51,1.0,39.0,2529000000.0,1.0,62.6,3345000000.0
9251,2026-10-10T16:51,1.0,103.9,22500000000.0,1.0,114.4,24500000000.0
9262,2026-10-10T16:51,1.0,77.7,17300000000.0,1.0,82.3,18600000000.0
9270,2026-10-10T16:51,2.0,254.2,117650000000.0,2.0,281.15,125780000000.0
9279,2026-10-10T16:51,5.0,79.97,44088000000.0,5.0,97.12,53820000000.0
9369,2026-10-10T16:51,2.0,87.5,208250000000.0,2.0,96.55,213400000000.0
9556,2026-10-10T16:51,3.0,244.43333,49040000000.0,3.0,389.36667,61313333330.0
9558,2026-10-10T16:51,1.0,184.2,13400000000.0,1.0,207.0,14700000000.0
9603,2026-10-10T16:51,3.0,-15.95067,401475254750.0,4.0,103.2137,425786787560.0
9627,2026-10-10T16:51,6.0,428.11832,721672000000.0,6.0,484.38168,764008000000.0
9692,2026-10-10T16:51,1.0,192.6,70500000000.0,1.0,199.0,71000000000.0
9716,2026-10-10T16:51,3.0,87.5,169333333330.0,3.0,97.64667,180666666670.0
9740,2026-10-10T16:51,2.0,183.9,80635000000.0,2.0,210.7,83515000000.0
9743,2026-10-10T16:51,1.0,120.2,101000000000.0,1.0,132.9,110000000000.0
9793,2026-10-10T16:51,6.0,241.21667,75416666670.0,6.0,258.2,79266666670.0
9861,2026-10-10T16:51,2.0,87.28,243550000000.0,2.0,100.415,254850000000.0
9946,2026-10-10T16:51,1.0,-39.6,94500000000.0,1.0,-8.6,94000000000.0
9974,2026-10-10T16:51,2.0,602.95,448800000000.0,2.0,628.15,465600000000.0
9983,2026-10-10T16:51,15.0,1886.3857,4427139791290.0,16.0,2133.3213,4910980255190.0
