disclosure_id,code,disclosed_at,n_q,period_end,revised,sales_q,op_q,sales_q_yoy,sales_ttm_yoy,accel,margin,margin_delta,op_q_yoy,sales_qoq,op_qoq,sales_qoq_ly,conservatism,recruit,kioxia,rorze_b,types,status,computed_at
140120261009548383,7713,2026-10-09T15:00,1,2026-08-31,True,3382000000.0,518000000.0,35.01,7.74,27.27,15.32,9.25,240.79,4.09,22.46,-13.08,0.42,True,False,False,①,ok,2026-10-09T15:15
140120261009548276,2747,2026-10-09T15:00,2,2026-08-31,False,9299000000.0,50000000.0,-1.54,-0.54,-1.0,0.54,-0.45,-46.24,2.88,999.0,4.48,8.19,False,False,False,,ok,2026-10-09T15:15
140120261008547970,1997,2026-10-09T15:00,4,2026-08-31,,3059000000.0,358000000.0,32.54,10.88,21.66,11.7,4.03,102.26,29.73,12.93,-2.49,0.41,True,False,False,①,ok,2026-10-09T15:15
140120260902530837,3201,2026-10-09T15:00,3,2026-08-31,False,29476000000.0,3083000000.0,3.5,-0.33,3.83,10.46,0.8,12.11,-4.67,-7.19,-4.95,0.9,True,False,False,①,ok,2026-10-09T15:15
140120261008548224,9982,2026-10-09T14:00,2,2026-08-31,False,14026000000.0,-67000000.0,-4.36,-0.31,-4.05,-0.48,-2.55,-122.04,-20.56,-108.22,-14.41,2.18,False,False,False,,ok,2026-10-09T15:15
140120261008548092,9974,2026-10-09T14:00,2,2026-08-31,True,109155000000.0,3612000000.0,1.73,4.94,-3.21,3.31,-1.35,-27.75,1.3,9.39,3.46,1.21,False,False,False,,ok,2026-10-09T15:16
140120261008547874,9313,2026-10-09T14:00,3,2026-08-31,False,1247000000.0,152000000.0,0.65,0.95,-0.3,12.19,-0.72,-5.0,-2.35,-12.14,-0.32,2.75,False,False,False,,ok,2026-10-09T15:16
140120261007547358,8127,2026-10-09T14:00,4,2026-08-31,,4537000000.0,-349000000.0,6.08,2.25,3.83,-7.69,-0.07,,-6.72,-423.15,-7.58,,False,False,False,,ok,2026-10-09T15:16
140120261006546579,9835,2026-10-09T13:00,2,2026-08-31,False,10564000000.0,406000000.0,-6.04,-5.0,-1.04,3.84,0.29,1.75,-11.66,-26.45,-8.18,,False,False,False,,ok,2026-10-09T15:16
140120261008548252,3048,2026-10-09T12:00,4,2026-08-31,,255792000000.0,4367000000.0,4.58,6.84,-2.26,1.71,-0.65,-24.17,-7.64,-70.03,-2.32,1.37,False,False,False,,ok,2026-10-09T15:16
140120261008547659,4440,2026-10-09T12:00,4,2026-08-31,,1493000000.0,87000000.0,26.96,19.23,7.72,5.83,-2.68,-13.0,-11.08,-64.63,-12.37,1.16,False,False,False,,ok,2026-10-09T15:16
140120261001544135,9381,2026-10-09T12:00,2,2026-08-31,False,15584000000.0,1137000000.0,15.39,5.1,10.28,7.3,0.17,18.07,4.36,2.8,-8.36,0.95,True,False,False,①,ok,2026-10-09T15:16
140120261008547947,8918,2026-10-08T16:00,1,2026-05-31,False,,,,,,,,,,,-43.87,,False,False,False,,ok,2026-10-09T15:16
140120261008547781,9861,2026-10-08T16:00,2,2026-08-31,True,62723000000.0,3238000000.0,7.72,9.53,-1.81,5.16,-0.65,-4.26,6.72,27.28,11.51,0.89,False,False,False,,ok,2026-10-09T15:16
140120261007547469,7544,2026-10-08T16:00,2,2026-08-31,False,3915000000.0,430000000.0,-1.19,4.24,-5.43,10.98,-2.14,-17.31,4.26,8.31,8.52,0.96,False,False,False,,ok,2026-10-09T15:16
140120261007547390,8125,2026-10-08T16:00,2,2026-08-31,False,24171000000.0,860000000.0,11.96,3.71,8.25,3.56,-0.73,-7.03,-1.81,-52.49,-6.56,1.1,False,False,False,,ok,2026-10-09T15:16
140120261007547258,9765,2026-10-08T16:00,1,2026-08-31,False,3117000000.0,179000000.0,5.88,0.6,5.27,5.74,-0.2,2.29,-47.24,-72.88,-51.7,1.02,False,False,False,,ok,2026-10-09T15:16
140120261006546736,3907,2026-10-08T16:00,3,2026-08-31,True,1173000000.0,-21000000.0,15.34,-6.31,21.65,-1.79,-2.28,-520.0,16.72,,-16.98,,False,False,False,,ok,2026-10-09T15:16
140120261008547647,9983,2026-10-08T15:31,4,2026-08-31,,898207000000.0,128739000000.0,14.59,16.55,-1.96,14.33,-0.12,13.61,-11.06,-39.76,-5.16,0.98,False,False,False,,ok,2026-10-09T15:16
140120261008547872,4728,2026-10-08T15:30,4,2026-08-31,,1494000000.0,4000000.0,-15.74,-4.82,-10.91,0.27,-10.0,-97.8,9.61,999.0,3.74,66.49,False,False,False,,ok,2026-10-09T15:17
140120261008547741,3490,2026-10-08T15:30,2,2026-08-31,False,4587000000.0,290000000.0,49.76,25.95,23.8,6.32,1.78,108.63,3.64,-45.28,39.23,0.39,True,False,True,①③,ok,2026-10-09T15:17
140120261007547547,4825,2026-10-08T15:30,1,2026-08-31,False,6338000000.0,892000000.0,5.53,4.83,0.7,14.07,-1.11,-2.19,2.0,-39.24,-1.17,1.06,False,False,False,,ok,2026-10-09T15:17
140120261007547481,6323,2026-10-08T15:30,2,2026-08-31,True,42527000000.0,12866000000.0,30.69,10.13,20.56,30.25,6.37,65.52,14.3,25.77,-1.57,1.41,True,False,False,①,ok,2026-10-09T15:17
140120261007547464,9716,2026-10-08T15:30,2,2026-08-31,False,37588000000.0,2769000000.0,-5.37,-10.05,4.69,7.37,1.41,17.08,5.19,11.12,-2.69,1.8,True,False,False,①,ok,2026-10-09T15:17
140120261007547463,9946,2026-10-08T15:30,2,2026-08-31,True,26160000000.0,-821000000.0,4.61,2.66,1.95,-3.14,-7.6,-173.57,5.01,,5.42,0.0,False,False,False,,ok,2026-10-09T15:17
140120261007547460,3382,2026-10-08T15:30,2,2026-08-31,False,3081455000000.0,127241000000.0,8.53,-11.08,19.61,4.13,-0.92,-11.21,29.54,21.14,2.23,0.81,False,False,False,,ok,2026-10-09T15:17
140120261007547260,8016,2026-10-08T15:30,2,2026-08-31,False,54059000000.0,492000000.0,3.01,6.98,-3.97,0.91,0.18,28.46,-14.82,-91.29,-12.77,1.06,False,False,False,,ok,2026-10-09T15:17
140120261007547248,9414,2026-10-08T15:30,4,2026-08-31,,3070000000.0,443000000.0,0.16,0.92,-0.76,14.43,1.77,14.18,1.76,-7.13,7.24,1.04,False,False,False,,ok,2026-10-09T15:17
140120261007547180,9720,2026-10-08T15:30,3,2026-08-31,False,1521000000.0,-85000000.0,3.89,7.5,-3.61,-5.59,3.91,,-17.16,-142.08,-11.86,0.09,False,False,False,,ok,2026-10-09T15:16
140120261007547084,4361,2026-10-08T15:30,3,2026-08-31,True,2363000000.0,192000000.0,15.72,3.54,12.18,8.13,7.05,772.73,-0.71,-7.69,-12.13,0.0,True,False,False,①,ok,2026-10-09T15:17
140120261007547023,9903,2026-10-08T15:30,2,2026-08-31,False,8191000000.0,55000000.0,-3.64,-1.7,-1.94,0.67,-0.76,-54.92,-11.66,-76.99,-6.23,0.98,False,False,False,,ok,2026-10-09T15:17
140120261006546876,4763,2026-10-08T15:30,2,2026-08-31,True,15024000000.0,556000000.0,5.41,24.42,-19.01,3.7,-0.71,-11.46,-11.8,-74.77,2.99,0.76,False,False,False,,ok,2026-10-09T15:17
140120261006546386,2408,2026-10-08T15:30,3,2026-09-20,False,823000000.0,154000000.0,20.67,13.68,7.0,18.71,6.54,85.54,11.22,26.23,2.71,0.32,True,False,True,①③,ok,2026-10-09T15:16
140120261005546139,2809,2026-10-08T15:30,3,2026-08-31,False,135471000000.0,11638000000.0,2.96,4.07,-1.11,8.59,0.31,6.79,-1.08,-4.68,-0.18,0.72,False,False,True,③,ok,2026-10-09T15:17
140120260929541858,7487,2026-10-08T15:30,1,2026-08-31,False,2964000000.0,333000000.0,11.05,6.98,4.07,11.23,5.61,122.0,11.68,445.9,9.75,0.22,True,False,True,①③,ok,2026-10-09T15:16
140120260929541653,7649,2026-10-08T15:30,2,2026-08-31,True,270538000000.0,12538000000.0,6.21,8.97,-2.76,4.63,-0.35,-1.21,0.13,2.69,3.77,1.01,False,False,False,,ok,2026-10-09T15:16
140120260924539741,7513,2026-10-08T15:30,4,2026-08-31,,74808000000.0,1220000000.0,2.95,5.25,-2.3,1.63,-0.86,-32.52,-5.17,-63.34,-1.07,1.55,False,False,False,,ok,2026-10-09T15:16
140120260924539705,2341,2026-10-08T15:30,2,2026-08-31,False,1137000000.0,27000000.0,-3.89,6.04,-9.93,2.37,-0.41,-18.18,-12.81,-78.23,-3.11,0.9,False,False,False,,ok,2026-10-09T15:16
140120261007547428,8278,2026-10-08T15:00,2,2026-08-31,False,200043000000.0,1900000000.0,-3.43,-1.47,-1.96,0.95,-0.31,-26.98,1.02,385.93,2.86,4.3,False,False,False,,ok,2026-10-09T15:17
140120260923539078,8203,2026-10-08T15:00,2,2026-08-31,False,39894000000.0,1471000000.0,-0.41,6.24,-6.65,3.69,-0.23,-6.25,4.38,-7.54,15.39,1.0,False,False,False,,ok,2026-10-09T15:17
140120261006546678,2303,2026-10-08T14:00,1,2026-08-31,False,325000000.0,101000000.0,7.26,10.23,-2.97,31.08,4.67,26.25,-49.53,-58.44,-48.9,0.78,False,False,True,③,ok,2026-10-09T15:17
140120261001544866,8194,2026-10-08T11:30,2,2026-08-31,False,226755000000.0,5218000000.0,1.31,2.59,-1.29,2.3,-0.17,-5.73,1.55,-27.83,3.49,1.22,False,False,False,,ok,2026-10-09T15:17
140120261007547344,428A,2026-10-07T16:00,4,2026-08-31,,3517000000.0,262000000.0,12.33,,,7.45,-1.21,-3.32,8.02,19.09,,1.37,False,False,False,,ok,2026-10-09T15:17
140120261006546499,6407,2026-10-07T16:00,1,2026-06-30,False,49108000000.0,8032000000.0,35.46,11.01,24.45,16.36,5.95,112.94,7.06,12.65,-10.6,0.61,True,False,True,①③,ok,2026-10-09T15:17
140120261007547046,6093,2026-10-07T15:30,2,2026-08-31,False,1360000000.0,66000000.0,11.84,12.25,-0.41,4.85,-5.67,-48.44,9.24,-29.03,5.56,2.84,False,False,False,,ok,2026-10-09T15:18
140120261006546861,2918,2026-10-07T15:30,2,2026-08-31,True,62499000000.0,2316000000.0,0.59,2.88,-2.29,3.71,-1.19,-23.87,7.1,40.11,8.06,1.26,False,False,False,,ok,2026-10-09T15:18
140120261006546823,2670,2026-10-07T15:30,2,2026-08-31,True,96815000000.0,15815000000.0,4.74,4.5,0.24,16.34,0.23,6.23,-8.22,-22.15,-5.39,0.98,False,False,False,,ok,2026-10-09T15:18
140120261006546807,3391,2026-10-07T15:30,2,2026-08-31,False,638628000000.0,30541000000.0,123.84,91.84,32.0,4.78,-0.82,91.16,0.27,26.05,4.69,0.67,False,False,True,③,ok,2026-10-09T15:17
140120261006546368,9846,2026-10-07T15:30,2,2026-08-31,False,15315000000.0,391000000.0,0.88,1.51,-0.62,2.55,-0.54,-16.81,4.18,-30.55,5.69,1.35,False,False,False,,ok,2026-10-09T15:18
140120261006546363,5932,2026-10-07T15:30,1,2026-08-31,False,97268000000.0,2641000000.0,13.29,3.42,9.87,2.72,4.07,,2.86,82.01,-6.81,,True,False,False,①,ok,2026-10-09T15:18
140120261002545176,8166,2026-10-07T15:30,2,2026-08-31,False,1656000000.0,-295000000.0,-11.35,-10.8,-0.54,-17.81,-9.94,,-24.56,-626.79,-22.49,,False,False,False,,ok,2026-10-09T15:18
140120261005546285,2734,2026-10-06T16:30,3,2026-08-31,False,63788000000.0,713000000.0,14.57,2.82,11.76,1.12,0.75,249.51,0.57,-75.54,-14.7,-0.21,True,False,True,①③,ok,2026-10-09T15:18
140120261006546735,9444,2026-10-06T16:00,,,,,,,,,,,,,,,,,,,,no_xbrl,2026-10-09T15:18
140120261005546296,9444,2026-10-06T16:00,,,,,,,,,,,,,,,,,,,,no_xbrl,2026-10-09T15:18
140120261002545584,6469,2026-10-06T16:00,2,2026-08-31,True,4319000000.0,571000000.0,22.46,12.81,9.64,13.22,6.53,141.95,0.05,1.78,-1.32,0.75,True,False,False,①,ok,2026-10-09T15:18
140120261006546338,3396,2026-10-06T15:30,2,2026-08-31,False,7121000000.0,189000000.0,-0.25,-1.29,1.03,2.65,-0.48,-15.62,1.35,999.0,0.32,14.65,False,False,False,,ok,2026-10-09T15:18
140120261005546065,2726,2026-10-06T15:30,2,2026-08-31,False,60577000000.0,6301000000.0,3.81,7.11,-3.3,10.4,-0.29,0.96,-1.27,-20.77,-0.63,1.15,False,False,False,,ok,2026-10-09T15:18
140120261002544993,6496,2026-10-06T15:30,1,2026-08-31,False,7199000000.0,253000000.0,1.74,13.01,-11.28,3.51,-1.94,-34.46,-11.74,-45.71,-9.2,1.56,False,False,False,,ok,2026-10-09T15:18
140120260930543256,1377,2026-10-06T15:30,1,2026-08-31,False,24670000000.0,3387000000.0,7.24,11.6,-4.36,13.73,-5.67,-24.09,-21.96,-10.84,-13.22,1.41,False,False,False,,ok,2026-10-09T15:18
140120261005545888,2659,2026-10-06T15:00,2,2026-08-31,False,66160000000.0,5205000000.0,4.75,6.09,-1.34,7.87,0.58,13.03,3.75,12.08,6.95,0.81,False,False,True,③,ok,2026-10-09T15:18
140120261006546359,8011,2026-10-06T11:00,2,2026-08-31,False,11359000000.0,-612000000.0,-9.37,-3.87,-5.51,-5.39,-3.4,,-22.17,-641.59,-13.61,,False,False,False,,ok,2026-10-09T15:18
140120261006546389,7434,2026-10-06T10:30,,,,,,,,,,,,,,,,,,,,no_xbrl,2026-10-09T15:18
140120261002545592,4390,2026-10-05T17:05,1,2026-06-30,False,3930000000.0,1198000000.0,14.85,16.49,-1.64,30.48,-0.14,14.31,-25.48,-28.48,-15.11,0.54,False,False,True,③,ok,2026-10-09T15:18
140120261005545816,7630,2026-10-05T15:30,2,2026-08-31,False,18251000000.0,1006000000.0,12.19,8.36,3.83,5.51,-2.23,-20.16,7.51,-7.28,3.29,1.61,False,False,False,,ok,2026-10-09T15:19
140120261003544976,9793,2026-10-05T15:30,2,2026-08-31,False,19217000000.0,4194000000.0,5.56,3.67,1.89,21.82,1.94,15.86,5.15,1.04,1.64,1.06,False,False,False,,ok,2026-10-09T15:19
140120261002545556,3498,2026-10-05T15:30,4,2026-08-31,,75280000000.0,19664000000.0,63.82,69.69,-5.87,26.12,5.31,105.63,175.15,14253.28,173.54,0.72,False,False,False,,ok,2026-10-09T15:19
140120261002545520,3148,2026-10-05T15:30,1,2026-08-31,False,129540000000.0,5404000000.0,6.54,8.67,-2.13,4.17,-0.46,-4.07,-1.05,-21.22,3.37,1.18,False,False,False,,ok,2026-10-09T15:19
140120261002545509,6474,2026-10-05T15:30,3,2026-08-31,False,67494000000.0,4688000000.0,15.76,8.26,7.5,6.95,2.8,94.12,4.44,15.92,-1.47,0.71,True,False,True,①③,ok,2026-10-09T15:19
140120261002545461,3186,2026-10-05T15:30,3,2026-08-31,False,209210000000.0,7536000000.0,24.73,23.54,1.2,3.6,0.08,27.6,-0.44,-6.55,2.23,0.54,False,False,True,③,ok,2026-10-09T15:19
140120261002545369,2789,2026-10-05T15:30,2,2026-08-31,True,2030000000.0,117000000.0,-2.4,1.85,-4.25,5.76,-2.55,-32.37,3.62,24.47,12.13,2.32,False,False,False,,ok,2026-10-09T15:19
140120261001544846,3612,2026-10-05T15:30,2,2026-08-31,False,67782000000.0,1116000000.0,1.32,14.71,-13.39,1.65,-0.64,-27.2,-9.27,-84.7,-4.45,1.16,False,False,False,,ok,2026-10-09T15:18
140120260925540070,7679,2026-10-05T15:30,2,2026-08-31,False,45722000000.0,1860000000.0,5.32,8.08,-2.76,4.07,-0.46,-5.39,3.83,30.16,10.16,1.3,False,False,False,,ok,2026-10-09T15:18
140120260908533161,3377,2026-10-05T15:30,3,2026-08-31,False,9529000000.0,576000000.0,-2.19,5.7,-7.89,6.04,3.96,183.74,-10.21,36.17,-8.93,0.22,False,False,True,③,ok,2026-10-09T15:18
140120261005545693,8923,2026-10-05T14:30,3,2026-08-31,True,13648000000.0,2231000000.0,-23.77,14.06,-37.82,16.35,-1.52,-30.24,-46.39,-60.96,-10.45,0.93,False,False,False,,ok,2026-10-09T15:19
140120261005545843,2300,2026-10-05T14:00,2,2026-08-31,False,1122000000.0,-125000000.0,-5.87,-4.47,-1.41,-11.14,-2.08,,-39.48,-133.6,-38.49,,False,False,False,,ok,2026-10-09T15:19
140120261001544712,1376,2026-10-05T13:00,1,2026-08-31,False,15695000000.0,412000000.0,1.01,4.1,-3.09,2.63,0.13,6.46,-38.78,-67.66,-33.3,1.1,False,False,False,,ok,2026-10-09T15:19
140120260926540626,2753,2026-10-05T09:00,2,2026-09-30,True,10072000000.0,336000000.0,10.02,10.17,-0.16,3.34,-1.92,-30.15,1.86,-34.25,1.94,1.1,False,False,False,,ok,2026-10-09T15:19
140120261002545339,9872,2026-10-02T16:00,3,2026-08-20,False,14570000000.0,154000000.0,6.23,-2.36,8.58,1.06,0.57,129.85,-1.04,-8.88,-6.79,0.76,True,False,True,①③,ok,2026-10-09T15:19
140120261001544680,6279,2026-10-02T16:00,2,2026-08-20,False,6729000000.0,3000000.0,26.27,-2.1,28.37,0.04,-8.62,-99.35,61.37,999.0,3.2,15.54,False,True,False,②,ok,2026-10-09T15:19
140120260903531293,5076,2026-10-02T16:00,1,2026-06-30,True,308365000000.0,14398000000.0,60.92,44.23,16.68,4.67,1.19,116.12,-13.44,-5.67,-21.18,0.47,True,False,False,①,ok,2026-10-09T15:19
140120261002545403,6664,2026-10-02T15:30,3,2026-08-31,False,1778000000.0,36000000.0,14.93,1.66,13.27,2.02,6.55,,7.04,999.0,-6.81,,True,False,False,①,ok,2026-10-09T15:19
140120261002545223,3321,2026-10-02T15:30,1,2026-08-31,False,31591000000.0,682000000.0,13.89,6.46,7.43,2.16,-0.4,-3.81,-1.76,11.44,-5.16,0.86,False,False,False,,ok,2026-10-09T15:19
140120261002545036,8931,2026-10-02T15:30,2,2026-08-31,False,11114000000.0,1019000000.0,12.62,-0.05,12.66,9.17,-1.21,-0.49,0.42,-1.07,-19.85,1.36,False,False,False,,ok,2026-10-09T15:19
140120261002545010,7975,2026-10-02T15:30,2,2026-08-31,False,1966000000.0,-116000000.0,-5.3,-2.49,-2.81,-5.9,-5.32,,-31.74,-183.45,-25.94,0.5,False,False,False,,ok,2026-10-09T15:19
140120260928540855,7965,2026-10-02T15:30,3,2026-08-20,False,18777000000.0,644000000.0,6.96,4.8,2.16,3.43,-0.5,-6.67,-9.84,-26.73,-16.8,0.38,False,False,False,,ok,2026-10-09T15:19
140120261002545200,7611,2026-10-02T15:00,2,2026-08-31,False,17069000000.0,1953000000.0,10.17,10.18,-0.01,11.44,-0.12,8.98,0.44,-7.62,1.52,0.84,False,False,True,③,ok,2026-10-09T15:19
140120260923539086,3035,2026-10-02T14:00,4,2026-08-20,,5081000000.0,139000000.0,4.98,6.68,-1.7,2.74,0.61,34.95,-5.35,-18.71,-1.69,0.81,False,False,False,,ok,2026-10-09T15:20
140120261001544401,2493,2026-10-01T15:30,3,2026-08-31,True,1554000000.0,-80000000.0,-8.7,8.03,-16.72,-5.15,-5.5,-1433.33,-11.5,-194.12,14.54,0.89,False,False,False,,ok,2026-10-09T15:20
140120260930543766,7447,2026-10-01T15:30,4,2026-08-31,,3938000000.0,812000000.0,8.87,1.31,7.57,20.62,2.15,21.56,-27.16,-43.3,-34.51,0.82,True,False,False,①,ok,2026-10-09T15:20
140120260930543566,3549,2026-10-01T15:30,1,2026-08-20,False,159042000000.0,8424000000.0,13.82,12.54,1.28,5.3,0.1,15.99,10.4,48.41,7.83,0.98,False,False,False,,ok,2026-10-09T15:20
140120260928541537,7545,2026-10-01T15:30,2,2026-08-20,False,48082000000.0,1711000000.0,5.08,5.07,0.01,3.56,-1.08,-19.37,-11.86,-67.84,-10.65,2.17,False,False,False,,ok,2026-10-09T15:20
140120260930543301,5942,2026-10-01T14:00,3,2026-08-31,True,7295000000.0,592000000.0,9.01,8.71,0.3,8.12,4.08,119.26,-2.67,8.23,-1.75,0.91,False,False,False,,ok,2026-10-09T15:20
140120260930542868,8276,2026-10-01T13:30,2,2026-08-20,False,118290000000.0,3094000000.0,2.86,2.47,0.39,2.62,-0.77,-20.44,5.43,20.34,5.95,1.61,False,False,False,,ok,2026-10-09T15:20
140120260930543461,6268,2026-09-30T17:00,,,,,,,,,,,,,,,,,,,,no_xbrl,2026-10-09T15:20
140120260930543438,6268,2026-09-30T17:00,,,,,,,,,,,,,,,,,,,,no_xbrl,2026-10-09T15:20
140120260930543431,6268,2026-09-30T17:00,,,,,,,,,,,,,,,,,,,,no_xbrl,2026-10-09T15:20
140120260930543372,6268,2026-09-30T17:00,,,,,,,,,,,,,,,,,,,,no_xbrl,2026-10-09T15:20
140120260929542371,9369,2026-09-30T17:00,3,2026-08-31,False,53510000000.0,1447000000.0,4.85,3.73,1.12,2.7,0.0,4.86,1.64,-13.41,-0.19,1.09,False,False,False,,ok,2026-10-09T15:20
140120260930543217,6908,2026-09-30T16:32,,,,,,,,,,,,,,,,,,,,no_xbrl,2026-10-09T15:20
140120260930543478,6594,2026-09-30T16:30,4,2026-03-31,,,,,,,,,,,,,,,,,,no_history,2026-10-09T15:20
140120260930543360,6594,2026-09-30T16:30,,,,,,,,,,,,,,,,,,,,no_xbrl,2026-10-09T15:20
140120260929542486,6594,2026-09-30T16:30,3,2025-12-31,False,684054000000.0,94628000000.0,5.78,,,13.83,7.36,126.03,2.98,99.16,0.16,,False,False,False,,ok,2026-10-09T15:20
140120260930543303,6908,2026-09-30T16:00,,,,,,,,,,,,,,,,,,,,no_xbrl,2026-10-09T15:20
140120260929542433,6908,2026-09-30T16:00,4,2026-03-31,,14820000000.0,1010000000.0,4.95,9.89,-4.94,6.82,-4.15,-34.75,-8.27,-44.6,-7.06,0.99,False,False,False,,ok,2026-10-09T15:20
140120260929542301,9265,2026-09-30T16:00,1,2026-08-31,False,15045000000.0,-131000000.0,-0.22,-0.41,0.19,-0.87,-1.11,-463.89,-12.84,-138.08,-10.96,,False,False,False,,ok,2026-10-09T15:20
140120260929541700,2354,2026-09-30T16:00,2,2026-08-31,False,4739000000.0,237000000.0,-0.13,3.06,-3.18,5.0,-1.91,-27.74,-1.02,-28.4,-3.56,1.88,False,False,False,,ok,2026-10-09T15:20
140120260930542803,2935,2026-09-30T15:50,2,2026-08-31,False,11018000000.0,529000000.0,-2.35,-4.81,2.46,4.8,-3.62,-44.32,4.95,-23.99,2.22,1.48,False,False,False,,ok,2026-10-09T15:20
140120260929542396,3089,2026-09-30T15:30,3,2026-08-31,,1158000000.0,64000000.0,-14.92,4.07,-18.99,5.53,-22.03,-82.93,29.68,611.11,36.78,,False,False,False,,ok,2026-10-09T15:20
140120260929542307,2685,2026-09-30T15:30,2,2026-08-31,False,71792000000.0,2856000000.0,-0.12,2.97,-3.1,3.98,0.68,20.51,-10.62,-63.73,-7.21,0.56,False,False,True,③,ok,2026-10-09T15:20
140120260929542224,9651,2026-09-30T15:30,1,2026-08-31,False,2989000000.0,382000000.0,8.61,14.03,-5.42,12.78,0.39,12.02,-6.56,4.37,-3.47,0.96,False,False,False,,ok,2026-10-09T15:20
140120260929541752,7915,2026-09-30T15:30,2,2026-06-30,True,50243000000.0,-5250000000.0,1.28,0.46,0.82,-10.45,-12.72,-566.25,9.72,-800.0,4.56,,False,False,False,,ok,2026-10-09T15:20
140120260928541539,2975,2026-09-30T15:30,3,2026-08-31,False,21807000000.0,2959000000.0,47.21,34.65,12.56,13.57,1.29,62.67,-1.42,-10.79,-15.99,0.28,True,False,True,①③,ok,2026-10-09T15:20
140120260928540983,6083,2026-09-30T15:30,1,2026-08-31,False,5847000000.0,942000000.0,8.62,19.61,-10.99,16.11,-0.01,8.53,-17.53,-37.49,-10.07,0.99,False,False,False,,ok,2026-10-09T15:20
140120260929542326,6594,2026-09-29T18:30,,,,,,,,,,,,,,,,,,,,no_xbrl,2026-10-09T15:20
140120260928541531,3038,2026-09-29T16:30,3,2026-07-31,False,146761000000.0,10279000000.0,5.4,5.7,-0.31,7.0,-1.08,-8.66,1.51,1.85,-0.45,1.19,False,False,False,,ok,2026-10-09T15:21
140120260928541390,9976,2026-09-29T16:00,2,2026-08-20,True,7738000000.0,266000000.0,-6.5,-1.04,-5.46,3.44,0.72,18.22,-4.19,-28.3,5.86,-0.32,False,False,False,,ok,2026-10-09T15:21
140120260929541616,3050,2026-09-29T15:30,2,2026-08-31,False,152405000000.0,9776000000.0,7.33,5.43,1.89,6.41,-1.44,-12.39,0.3,-14.04,2.66,0.97,False,False,False,,ok,2026-10-09T15:21
140120260928540923,2792,2026-09-29T15:30,1,2026-08-31,False,12968000000.0,590000000.0,-6.7,-3.56,-3.14,4.55,-4.12,-51.04,-18.31,-75.32,-14.38,2.15,False,False,False,,ok,2026-10-09T15:21
140120260928541251,3607,2026-09-29T15:00,4,2026-08-31,,2732000000.0,-510000000.0,-3.02,2.13,-5.14,-18.67,-6.88,,-29.64,-230.77,-23.78,,False,False,False,,ok,2026-10-09T15:21
140120260928540809,7921,2026-09-29T15:00,1,2026-08-31,False,9512000000.0,2125000000.0,4.69,3.9,0.79,22.34,3.56,24.56,7.8,12.55,5.19,0.82,False,False,True,③,ok,2026-10-09T15:21
140120260925540554,8217,2026-09-29T13:00,2,2026-08-20,False,63519000000.0,261000000.0,-1.37,-0.24,-1.13,0.41,-0.4,-49.81,6.38,999.0,7.26,,False,False,False,,ok,2026-10-09T15:21
140120260925540547,1723,2026-09-28T16:00,1,2026-06-30,False,8696000000.0,1756000000.0,3.23,3.8,-0.57,20.19,5.25,39.48,-47.29,-55.03,-50.12,0.73,False,False,True,③,ok,2026-10-09T15:21
140120260917537930,7624,2026-09-28T16:00,2,2026-08-31,True,12530000000.0,497000000.0,17.49,8.4,9.08,3.97,2.64,252.48,-4.42,53.4,-3.4,0.55,True,False,False,①,ok,2026-10-09T15:21
140120260928540926,3538,2026-09-28T15:30,,,,,,,,,,,,,,,,,,,,no_xbrl,2026-10-09T15:21
140120260927540636,8227,2026-09-28T15:30,2,2026-08-20,False,175597000000.0,15239000000.0,0.22,5.22,-4.99,8.68,-0.54,-5.64,-3.34,-14.82,4.06,1.07,False,False,False,,ok,2026-10-09T15:21
140120260925540241,4465,2026-09-25T15:30,1,2026-08-31,False,6334000000.0,585000000.0,5.46,4.0,1.46,9.24,-0.45,0.52,-1.81,40.96,0.72,0.79,False,False,True,③,ok,2026-10-09T15:21
140120260925539958,2742,2026-09-25T15:30,2,2026-08-31,False,61147000000.0,2980000000.0,6.24,6.48,-0.23,4.87,-0.01,6.01,5.65,9.24,6.59,1.07,False,False,False,,ok,2026-10-09T15:21
140120260924539807,2778,2026-09-25T15:30,2,2026-08-20,False,3477000000.0,41000000.0,-8.23,-4.41,-3.83,1.18,-3.97,-78.97,3.45,36.67,11.94,11.05,False,False,False,,ok,2026-10-09T15:21
140120260925540214,3333,2026-09-25T13:00,2,2026-08-20,False,18444000000.0,134000000.0,-1.87,0.78,-2.65,0.73,-1.86,-72.43,-33.62,-95.67,-30.65,6.87,False,False,False,,ok,2026-10-09T15:21
140120260918538541,3160,2026-09-24T15:30,1,2026-08-31,False,20603000000.0,-3000000.0,9.44,7.75,1.69,-0.01,-0.24,-107.14,-2.99,-102.73,-4.74,3.98,False,False,False,,ok,2026-10-09T15:21
140120260916537545,4716,2026-09-24T15:30,1,2026-08-31,False,74861000000.0,25918000000.0,12.96,10.45,2.5,34.62,2.74,22.67,-4.52,13.82,-6.15,,False,False,False,,ok,2026-10-09T15:21
140120260916536983,9444,2026-09-24T14:00,,,,,,,,,,,,,,,,,,,,no_xbrl,2026-10-09T15:21
140120260918538569,3544,2026-09-18T15:30,1,2026-08-15,,25240000000.0,-157000000.0,-0.93,-0.23,-0.7,-0.62,-1.26,-196.32,2.16,-129.85,4.03,,False,False,False,,ok,2026-10-09T15:21
140120260917538268,8798,2026-09-18T15:30,3,2026-06-30,True,1449000000.0,-289000000.0,-15.66,0.35,-16.0,-19.94,-14.82,,-8.75,,4.82,,False,False,False,,ok,2026-10-09T15:21
140120260917537642,6905,2026-09-18T11:30,1,2026-08-20,True,7814000000.0,545000000.0,53.97,17.15,36.82,6.97,14.64,,1.48,167.16,-13.02,,True,False,False,①,ok,2026-10-09T15:21
140120260916537124,2796,2026-09-17T16:30,1,2026-08-31,False,17242000000.0,68000000.0,2.92,7.64,-4.73,0.39,-0.51,-55.26,-9.04,-81.91,-1.04,2.63,False,False,False,,ok,2026-10-09T15:22
140120260917537870,4923,2026-09-17T16:00,1,2026-06-30,False,1664000000.0,9000000.0,4.2,2.0,2.19,0.54,3.61,,-15.87,-95.63,-17.68,,False,False,False,,ok,2026-10-09T15:22
140120260915536496,2678,2026-09-15T15:30,1,2026-08-20,False,112345000000.0,-418000000.0,-8.16,-19.55,11.39,-0.37,-1.23,-139.7,-0.86,,0.05,1.01,False,False,False,,ok,2026-10-09T15:22
140120260914535444,4446,2026-09-14T16:50,4,2026-07-31,,1252000000.0,-623000000.0,8.49,-0.72,9.22,-49.76,-53.92,-1397.92,-0.87,-436.76,9.18,0.09,False,False,False,,ok,2026-10-09T15:22
140120260914536133,2345,2026-09-14T16:30,3,2026-07-31,False,12000000.0,-101000000.0,140.0,-85.78,225.78,-841.67,478.33,,-42.86,,,,True,False,False,①,ok,2026-10-09T15:22
140120260914536090,6838,2026-09-14T16:30,3,2026-07-31,False,1560000000.0,177000000.0,17.47,30.47,-13.0,11.35,13.83,,-7.75,-30.59,-9.6,-0.19,False,False,False,,ok,2026-10-09T15:22
140120260914535786,3823,2026-09-14T16:30,1,2026-07-31,False,1674000000.0,91000000.0,250.94,128.78,122.16,5.44,14.24,,164.45,999.0,2.58,,True,True,False,①②,ok,2026-10-09T15:22
140120260914535886,500A,2026-09-14T16:00,1,2026-07-31,False,3320000000.0,446000000.0,,,,13.43,,,-6.37,-28.98,,,False,False,False,,ok,2026-10-09T15:22
140120260914535709,3657,2026-09-14T16:00,2,2026-07-31,False,11788000000.0,563000000.0,-1.07,-10.31,9.24,4.78,6.32,,4.9,111.65,-6.61,,True,False,False,①,ok,2026-10-09T15:22
140120260914535657,8894,2026-09-14T16:00,,,,,,,,,,,,,,,,,,,,no_xbrl,2026-10-09T15:22
140120260914535644,3169,2026-09-14T16:00,2,2026-07-31,False,3232000000.0,70000000.0,17.96,5.58,12.37,2.17,5.49,,5.59,999.0,-8.21,,True,False,False,①,ok,2026-10-09T15:22
140120260914535612,212A,2026-09-14T16:00,3,2026-07-31,False,3918000000.0,900000000.0,48.3,52.74,-4.44,22.97,-3.15,30.43,9.11,1.47,21.64,1.32,False,False,False,,ok,2026-10-09T15:22
140120260914535513,3441,2026-09-14T16:00,4,2026-07-31,,4481000000.0,-267000000.0,45.91,43.41,2.51,-5.96,-7.49,-668.09,4.14,-147.17,12.9,,False,False,False,,ok,2026-10-09T15:22
140120260911535327,9425,2026-09-14T16:00,3,2026-07-31,False,1952000000.0,40000000.0,50.15,64.21,-14.06,2.05,0.9,166.67,-10.83,999.0,-18.29,,False,False,False,,ok,2026-10-09T15:22
140120260910534266,6309,2026-09-14T16:00,3,2026-07-31,False,15956000000.0,1010000000.0,5.74,1.77,3.97,6.33,-0.93,-7.76,2.84,-50.27,-7.02,2.22,False,False,False,,ok,2026-10-09T15:22
140120260910534084,3955,2026-09-14T16:00,2,2026-07-31,False,5822000000.0,451000000.0,-4.37,-2.18,-2.19,7.75,-3.8,-35.85,5.41,91.1,7.98,,False,False,False,,ok,2026-10-09T15:22
140120260912535385,2424,2026-09-14T15:50,4,2026-07-31,,3801000000.0,169000000.0,7.07,5.55,1.52,4.45,-0.4,-1.74,5.5,4.97,-0.03,1.91,False,False,False,,ok,2026-10-09T15:22
140120260911534911,2391,2026-09-14T15:40,4,2026-07-31,,799000000.0,135000000.0,-0.99,-0.44,-0.55,16.9,0.04,-0.74,2.96,27.36,5.77,0.88,False,False,False,,ok,2026-10-09T15:22
140120260914536025,4053,2026-09-14T15:30,2,2026-06-30,False,4473000000.0,382000000.0,27.11,18.07,9.04,8.54,5.02,208.06,1.47,-38.59,-0.57,0.46,True,False,True,①③,ok,2026-10-09T15:23
140120260914535883,1383,2026-09-14T15:30,3,2026-07-31,False,1775000000.0,82000000.0,11.49,7.08,4.42,4.62,3.87,583.33,-34.45,-71.43,-34.81,,True,False,False,①,ok,2026-10-09T15:23
140120260914535832,7683,2026-09-14T15:30,2,2026-07-31,False,6516000000.0,461000000.0,-6.41,-2.69,-3.72,7.07,-2.43,-30.36,42.77,999.0,45.5,747.89,False,False,False,,ok,2026-10-09T15:23
140120260914535793,1840,2026-09-14T15:30,3,2026-07-31,True,5558000000.0,-517000000.0,-3.94,6.3,-10.24,-9.3,-0.76,,-25.93,,-24.25,,False,False,False,,ok,2026-10-09T15:23
140120260914535783,3475,2026-09-14T15:30,3,2026-07-31,False,5596000000.0,64000000.0,-1.08,27.92,-29.0,1.14,10.27,,-77.34,-97.72,-65.94,1.13,False,False,False,,ok,2026-10-09T15:23
140120260914535693,3134,2026-09-14T15:30,1,2026-07-31,False,4610000000.0,-14000000.0,-12.85,-9.38,-3.48,-0.3,-3.54,-108.19,-10.43,-107.61,-4.84,,False,False,False,,ok,2026-10-09T15:23
140120260914535572,4936,2026-09-14T15:30,4,2026-07-31,,3580000000.0,-128000000.0,5.36,-0.09,5.45,-3.58,-6.14,-247.13,15.04,,-10.41,-0.19,False,False,False,,ok,2026-10-09T15:23
140120260914535558,2315,2026-09-14T15:30,3,2026-07-31,False,1704000000.0,59000000.0,31.38,15.84,15.54,3.46,0.3,43.9,15.21,-7.81,4.34,-0.59,True,False,True,①③,ok,2026-10-09T15:23
140120260914535543,9627,2026-09-14T15:30,1,2026-07-31,False,177120000000.0,4613000000.0,33.2,42.33,-9.13,2.6,-0.59,8.44,2.41,-46.3,10.84,1.18,False,False,False,,ok,2026-10-09T15:23
140120260914535531,3415,2026-09-14T15:30,2,2026-07-31,False,6332000000.0,442000000.0,18.29,21.11,-2.82,6.98,-0.83,5.74,3.23,6.51,8.36,1.31,False,False,False,,ok,2026-10-09T15:24
140120260914535483,604A,2026-09-14T15:30,4,2026-07-31,,,,,,,,,,,,,,,,,,no_history,2026-10-09T15:23
140120260911535349,3565,2026-09-14T15:30,2,2026-07-31,False,4492000000.0,291000000.0,-1.94,-27.18,25.24,6.48,-0.49,-8.78,31.73,-49.04,-26.73,0.83,False,False,False,,ok,2026-10-09T15:22
140120260911535236,7034,2026-09-14T15:30,3,2026-07-31,False,1000000000.0,-333000000.0,-62.6,-11.27,-51.33,-33.3,-59.89,-146.84,-21.88,-2875.0,-43.94,,False,False,False,,ok,2026-10-09T15:23
140120260911535133,9279,2026-09-14T15:30,3,2026-07-31,False,11031000000.0,1078000000.0,23.69,23.66,0.04,9.77,0.49,30.19,4.1,-10.61,2.61,0.83,False,False,True,③,ok,2026-10-09T15:23
140120260911535126,4174,2026-09-14T15:30,2,2026-07-31,False,2466000000.0,126000000.0,-8.02,-1.81,-6.21,5.11,5.86,,-1.28,215.0,8.32,,False,False,False,,ok,2026-10-09T15:23
140120260911535075,7827,2026-09-14T15:30,3,2026-07-31,False,2970000000.0,119000000.0,-7.99,-12.44,4.45,4.01,-1.38,-31.61,-6.81,6.25,-18.96,11.61,False,False,False,,ok,2026-10-09T15:23
140120260911535000,8927,2026-09-14T15:30,4,2026-07-31,,13424000000.0,2035000000.0,34.87,23.82,11.05,15.16,2.21,57.87,55.93,65.58,23.01,0.67,True,True,False,①②,ok,2026-10-09T15:23
140120260911534871,7614,2026-09-14T15:30,2,2026-07-31,False,8750000000.0,263000000.0,1.05,4.43,-3.38,3.01,0.5,21.2,-1.02,-34.9,0.23,0.84,False,False,True,③,ok,2026-10-09T15:23
140120260910534391,6387,2026-09-14T15:30,4,2026-07-31,,3386000000.0,1141000000.0,9.19,15.61,-6.42,33.7,3.09,20.23,19.77,36.65,46.27,1.07,False,False,False,,ok,2026-10-09T15:23
140120260909533757,3804,2026-09-14T15:30,3,2026-07-31,False,1149000000.0,54000000.0,21.46,7.2,14.26,4.7,0.37,31.71,-41.5,-89.09,-47.3,1.29,True,False,False,①,ok,2026-10-09T15:23
140120260908533240,2301,2026-09-14T15:30,3,2026-07-31,False,3063000000.0,619000000.0,13.44,7.88,5.56,20.21,6.02,61.62,-5.75,-40.31,-7.38,0.97,True,False,False,①,ok,2026-10-09T15:23
140120260827527053,7901,2026-09-14T15:30,1,2026-07-31,False,380000000.0,-96000000.0,-0.52,-0.7,0.18,-25.26,11.12,,-74.13,-124.55,-73.84,,False,False,False,,ok,2026-10-09T15:22
140120260825525742,6037,2026-09-14T15:30,4,2026-07-31,,922000000.0,427000000.0,14.68,14.5,0.18,46.31,-5.18,3.14,-1.71,-14.6,-2.66,1.07,False,False,False,,ok,2026-10-09T15:23
140120260911534673,7810,2026-09-14T15:04,4,2026-07-31,,1357000000.0,-61000000.0,26.82,47.35,-20.53,-4.5,-6.83,-344.0,-14.06,-174.39,23.99,,False,False,False,,ok,2026-10-09T15:24
140120260914535683,3195,2026-09-14T15:00,3,2026-07-31,False,6197000000.0,17000000.0,49.04,19.98,29.06,0.27,-0.4,-39.29,22.06,-84.96,-1.28,7.19,False,False,False,,ok,2026-10-09T15:24
140120260911535364,3665,2026-09-14T15:00,2,2026-07-31,False,1292000000.0,-287000000.0,-8.04,-1.73,-6.32,-22.21,-19.3,,-11.69,,-5.89,,False,False,False,,ok,2026-10-09T15:24
140120260910534509,2776,2026-09-14T15:00,2,2026-07-31,False,12474000000.0,343000000.0,124.68,143.11,-18.43,2.75,2.35,1459.09,-33.82,397.1,25.67,,False,False,False,,ok,2026-10-09T15:24
140120260907532274,3988,2026-09-14T15:00,4,2026-07-31,,4017000000.0,263000000.0,6.02,11.54,-5.53,6.55,1.4,34.87,-0.57,24.06,10.34,1.05,False,False,False,,ok,2026-10-09T15:24
140120260914535770,6497,2026-09-14T14:00,,,,,,,,,,,,,,,,,,,,no_xbrl,2026-10-09T15:24
140120260812518510,6497,2026-09-14T14:00,2,2026-06-30,True,4015000000.0,111000000.0,30.23,9.24,20.99,2.76,-4.6,-51.1,10.94,-60.22,-9.54,0.54,False,False,False,,ok,2026-10-09T15:24
140120260914535674,7604,2026-09-14T13:00,1,2026-07-31,False,7005000000.0,83000000.0,-0.27,0.76,-1.03,1.18,1.43,,-4.38,-37.59,-2.17,,False,False,False,,ok,2026-10-09T15:24
140120260909533773,3161,2026-09-11T16:30,1,2026-07-31,True,2213000000.0,69000000.0,20.14,7.99,12.15,3.12,3.88,,-8.06,-17.86,-8.31,,True,False,False,①,ok,2026-10-09T15:24
140120260911535098,3121,2026-09-11T16:00,3,2026-07-31,False,329000000.0,94000000.0,-52.53,-35.56,-16.97,28.57,8.8,-31.39,-73.08,5.62,-35.35,10.59,False,False,False,,ok,2026-10-09T15:24
140120260911535038,3361,2026-09-11T16:00,1,2026-07-31,False,6959000000.0,564000000.0,14.44,2.2,12.24,8.1,4.09,131.15,-11.2,-28.79,-21.87,0.34,True,False,True,①③,ok,2026-10-09T15:24
140120260911534917,3539,2026-09-11T16:00,4,2026-07-31,,48961000000.0,1490000000.0,3.65,6.62,-2.97,3.04,-2.29,-40.9,1.18,-22.88,2.39,2.06,False,False,False,,ok,2026-10-09T15:24
140120260911534873,6898,2026-09-11T16:00,2,2026-07-31,False,559000000.0,48000000.0,38.71,29.02,9.69,8.59,3.62,140.0,35.35,999.0,23.24,,True,True,False,①②,ok,2026-10-09T15:25
140120260911534857,3399,2026-09-11T16:00,2,2026-07-31,False,11809000000.0,1304000000.0,16.56,18.79,-2.23,11.04,2.18,45.21,6.78,10.23,4.61,0.78,False,False,True,③,ok,2026-10-09T15:24
140120260911534851,1766,2026-09-11T16:00,1,2026-07-31,False,94809000000.0,4574000000.0,1.42,4.52,-3.09,4.82,-1.18,-18.53,-8.65,-25.95,-2.11,1.11,False,False,False,,ok,2026-10-09T15:24
140120260911534701,5079,2026-09-11T16:00,1,2026-07-31,False,8092000000.0,88000000.0,-7.77,18.51,-26.29,1.09,-1.41,-59.82,-14.87,-90.53,4.89,1.82,False,False,False,,ok,2026-10-09T15:24
140120260910534357,9262,2026-09-11T16:00,4,2026-07-31,,,,,,,,,,,,7.86,,False,False,False,,ok,2026-10-09T15:24
140120260910534126,7850,2026-09-11T16:00,4,2026-07-31,,2451000000.0,-355000000.0,4.39,-1.27,5.66,-14.48,12.13,,-9.46,,-10.79,,True,False,False,①,ok,2026-10-09T15:24
140120260902530581,1844,2026-09-11T16:00,4,2026-07-31,,2519000000.0,154000000.0,55.49,25.33,30.16,6.11,1.79,120.0,28.98,0.65,-1.7,0.42,True,False,False,①,ok,2026-10-09T15:24
140120260831529125,3524,2026-09-11T16:00,1,2026-07-31,False,5159000000.0,195000000.0,2.44,0.83,1.61,3.78,1.22,51.16,-26.13,-52.21,-26.56,0.47,False,False,True,③,ok,2026-10-09T15:24
140120260727599785,6091,2026-09-11T16:00,4,2026-07-31,,3922000000.0,56000000.0,5.09,5.5,-0.41,1.43,0.11,14.29,-11.35,-89.45,-9.88,0.93,False,False,False,,ok,2026-10-09T15:24
140120260909533707,3733,2026-09-11T15:45,3,2026-07-31,False,8663000000.0,1398000000.0,0.74,22.6,-21.86,16.14,-2.21,-11.41,-41.98,-47.46,-22.5,1.33,False,False,False,,ok,2026-10-09T15:25
140120260908532700,3974,2026-09-11T15:35,3,2026-07-31,True,605000000.0,28000000.0,-6.35,0.0,-6.35,4.63,-3.73,-48.15,-8.47,-49.09,-4.58,-0.5,False,False,False,,ok,2026-10-09T15:25
140120260911535131,3193,2026-09-11T15:30,4,2026-07-31,,12936000000.0,430000000.0,3.21,10.57,-7.36,3.32,-5.42,-60.77,0.09,-42.67,7.72,2.8,False,False,False,,ok,2026-10-09T15:26
140120260911535070,4813,2026-09-11T15:30,2,2026-07-31,False,4421000000.0,-770000000.0,15.22,24.78,-9.56,-17.42,12.16,,-28.2,,-26.47,,False,False,False,,ok,2026-10-09T15:26
140120260911535058,6656,2026-09-11T15:30,1,2026-07-31,False,496000000.0,-21000000.0,401.01,36.19,364.82,-4.23,133.14,,-64.57,-107.61,-88.61,,True,False,False,①,ok,2026-10-09T15:26
140120260911535057,3159,2026-09-11T15:30,2,2026-07-31,False,41363000000.0,429000000.0,-8.36,5.48,-13.84,1.04,-0.54,-39.75,-15.35,-83.76,-4.74,0.31,False,False,False,,ok,2026-10-09T15:26
140120260911535034,3421,2026-09-11T15:30,4,2026-07-31,,10017000000.0,57000000.0,-2.43,-1.04,-1.38,0.57,-2.69,-82.99,-14.44,-94.46,-12.53,5.12,False,False,False,,ok,2026-10-09T15:26
140120260911534959,7058,2026-09-11T15:30,4,2026-07-31,,,,,,,,,,,,,,,,,,no_history,2026-10-09T15:26
140120260911534916,3444,2026-09-11T15:30,1,2026-07-31,False,1367000000.0,-152000000.0,14.78,14.31,0.46,-11.12,15.33,,-21.03,-188.37,-32.44,,False,False,False,,ok,2026-10-09T15:26
140120260911534909,4382,2026-09-11T15:30,1,2026-07-31,False,1643000000.0,180000000.0,8.52,8.49,0.03,10.96,3.23,53.85,-5.41,9.09,-4.36,0.99,False,False,False,,ok,2026-10-09T15:25
140120260911534862,5218,2026-09-11T15:30,3,2026-07-31,True,9099000000.0,862000000.0,25.23,13.93,11.3,9.47,2.32,65.77,14.37,322.55,4.88,3.56,True,False,False,①,ok,2026-10-09T15:26
140120260911534855,8142,2026-09-11T15:30,2,2026-07-31,True,68611000000.0,1645000000.0,10.99,9.96,1.03,2.4,-0.27,-0.3,1.13,-19.83,0.88,0.96,False,False,False,,ok,2026-10-09T15:26
140120260911534824,9603,2026-09-11T15:30,3,2026-07-31,False,86168000000.0,-1316000000.0,1.36,3.7,-2.34,-1.53,-0.99,,-6.23,-217.08,-3.37,1.56,False,False,False,,ok,2026-10-09T15:26
140120260911534797,7831,2026-09-11T15:30,3,2026-07-31,False,2067000000.0,-101000000.0,1.17,7.53,-6.36,-4.89,3.39,,-15.01,,-10.24,,False,False,False,,ok,2026-10-09T15:25
140120260911534751,4287,2026-09-11T15:30,2,2026-07-31,False,647000000.0,149000000.0,1.41,6.12,-4.71,23.03,-2.68,-9.15,2.05,0.68,4.76,1.38,False,False,False,,ok,2026-10-09T15:25
140120260911534724,7131,2026-09-11T15:30,3,2026-07-31,True,2202000000.0,274000000.0,17.19,15.19,2.0,12.44,-0.49,12.76,5.51,-16.72,12.25,0.41,False,False,False,,ok,2026-10-09T15:26
140120260911534723,7878,2026-09-11T15:30,2,2026-07-31,True,1461000000.0,82000000.0,40.75,33.53,7.22,5.61,2.24,134.29,-8.0,-77.29,1.47,0.17,True,False,False,①,ok,2026-10-09T15:25
140120260910534583,6267,2026-09-11T15:30,4,2026-07-31,,3754000000.0,518000000.0,-8.57,10.78,-19.36,13.8,2.08,7.69,31.67,23.33,131.06,0.85,False,False,False,,ok,2026-10-09T15:25
140120260910534569,2353,2026-09-11T15:30,4,2026-07-31,,9600000000.0,1499000000.0,14.41,10.52,3.89,15.61,3.55,48.12,-14.27,-42.01,-16.32,0.79,True,False,False,①,ok,2026-10-09T15:25
140120260910534523,5889,2026-09-11T15:30,2,2026-07-31,False,5404000000.0,1823000000.0,13.86,15.36,-1.5,33.73,0.46,15.45,11.33,8.51,13.24,0.88,False,False,False,,ok,2026-10-09T15:25
140120260910534371,2695,2026-09-11T15:30,3,2026-07-31,False,64431000000.0,369000000.0,0.59,4.28,-3.69,0.57,-3.0,-83.86,3.37,-61.92,8.44,14.5,False,False,False,,ok,2026-10-09T15:25
140120260910534293,7983,2026-09-11T15:30,3,2026-07-31,False,3355000000.0,139000000.0,5.67,1.9,3.77,4.14,2.38,148.21,-8.56,-4.79,-5.11,,True,False,False,①,ok,2026-10-09T15:25
140120260910534227,8077,2026-09-11T15:30,3,2026-07-31,False,5666000000.0,188000000.0,-2.51,-5.86,3.35,3.32,-1.79,-36.7,2.63,-0.53,0.89,1.68,False,False,False,,ok,2026-10-09T15:25
140120260910534088,3038,2026-09-11T15:30,3,2026-07-31,False,146761000000.0,10279000000.0,5.4,5.7,-0.31,7.0,-1.08,-8.66,1.51,1.85,-0.45,1.19,False,False,False,,ok,2026-10-09T15:25
140120260910533962,9743,2026-09-11T15:30,2,2026-07-31,False,21826000000.0,1008000000.0,-1.01,-6.84,5.83,4.62,-0.2,-5.17,-17.84,-56.81,-35.14,2.85,False,False,False,,ok,2026-10-09T15:25
140120260910533928,2217,2026-09-11T15:30,2,2026-07-31,False,7203000000.0,-222000000.0,0.13,1.95,-1.83,-3.08,-3.12,-7500.0,-21.3,-181.62,-20.05,4.74,False,False,False,,ok,2026-10-09T15:25
140120260909533357,6757,2026-09-11T15:30,2,2026-07-31,False,2102000000.0,85000000.0,-2.73,1.06,-3.79,4.04,-1.14,-24.11,6.0,123.68,7.57,13.2,False,False,False,,ok,2026-10-09T15:25
140120260907532764,7126,2026-09-11T15:30,4,2026-07-31,,2894000000.0,222000000.0,7.34,8.05,-0.71,7.67,4.63,170.73,-23.05,-52.56,-17.78,0.38,False,False,False,,ok,2026-10-09T15:25
140120260828528101,8013,2026-09-11T15:30,2,2026-07-31,False,3630000000.0,-109000000.0,13.97,9.79,4.18,-3.0,0.67,,5.49,,13.87,,True,False,False,①,ok,2026-10-09T15:25
140120260828528001,2373,2026-09-11T15:30,3,2026-07-31,False,12940000000.0,653000000.0,5.16,4.76,0.4,5.05,1.83,64.9,2.58,510.28,4.24,0.07,False,False,True,③,ok,2026-10-09T15:25
140120260817522012,3320,2026-09-11T15:30,2,2026-07-31,False,13055000000.0,-115000000.0,-1.37,-3.92,2.55,-0.88,-1.83,-191.27,-15.77,-133.14,-17.18,4.03,False,False,False,,ok,2026-10-09T15:25
140120260910534591,8079,2026-09-11T15:00,3,2026-07-31,False,31030000000.0,1063000000.0,7.89,8.11,-0.23,3.43,-1.11,-18.54,-11.2,-49.55,-11.07,1.22,False,False,False,,ok,2026-10-09T15:26
140120260910534566,3903,2026-09-11T15:00,1,2026-07-31,,1628000000.0,-186000000.0,20.24,26.97,-6.74,-11.43,-16.74,-358.33,-30.75,,-11.91,,False,False,False,,ok,2026-10-09T15:26
140120260910534370,4996,2026-09-11T15:00,3,2026-07-31,True,38487000000.0,-2836000000.0,0.47,6.64,-6.18,-7.37,-9.9,-392.67,-31.53,-151.81,-27.44,-43.11,False,False,False,,ok,2026-10-09T15:26
140120260911534965,2991,2026-09-11T14:00,4,2026-07-31,,29816000000.0,862000000.0,11.1,14.54,-3.44,2.89,-1.85,-32.23,4.06,-25.11,17.73,2.17,False,False,False,,ok,2026-10-09T15:26
140120260911534744,6336,2026-09-11T14:00,2,2026-07-31,True,4043000000.0,213000000.0,4.52,9.82,-5.3,5.27,-1.97,-23.93,-0.15,-41.96,7.33,1.02,False,False,False,,ok,2026-10-09T15:26
140120260910534027,211A,2026-09-11T14:00,4,2026-07-31,,1980000000.0,199000000.0,-0.7,-22.46,21.76,10.05,-0.33,-3.86,32.89,67.23,8.02,1.57,False,True,False,②,ok,2026-10-09T15:26
140120260909533854,2929,2026-09-11T13:30,4,2026-07-31,,14668000000.0,4062000000.0,-20.47,-3.12,-17.35,27.69,13.68,57.2,-8.97,336.31,8.74,0.73,False,False,False,,ok,2026-10-09T15:26
140120260910534614,7692,2026-09-11T12:00,4,2026-07-31,,2153000000.0,181000000.0,37.13,14.99,22.14,8.41,1.91,77.45,19.48,999.0,-9.93,0.7,True,False,False,①,ok,2026-10-09T15:26
140120260910534360,3921,2026-09-11T12:00,2,2026-07-31,False,2149000000.0,665000000.0,8.7,7.79,0.91,30.94,0.29,9.74,3.47,-2.64,-0.95,0.99,False,False,False,,ok,2026-10-09T15:26
140120260902530831,4334,2026-09-10T15:45,2,2026-07-31,False,1473000000.0,98000000.0,67.58,47.93,19.64,6.65,5.29,716.67,31.64,46.27,-4.56,0.26,True,False,True,①③,ok,2026-10-09T15:27
140120260907532528,5971,2026-09-10T15:40,1,2026-07-31,False,2984000000.0,279000000.0,4.63,2.13,2.49,9.35,-2.96,-20.51,3.9,-18.66,4.7,0.36,False,False,False,,ok,2026-10-09T15:27
140120260910534136,6184,2026-09-10T15:30,2,2026-07-31,False,2394000000.0,496000000.0,16.72,13.02,3.7,20.72,3.31,38.94,8.72,63.7,4.32,1.17,True,False,False,①,ok,2026-10-09T15:27
140120260910534030,7095,2026-09-10T15:30,1,2026-07-31,False,12290000000.0,764000000.0,-3.83,-5.3,1.47,6.22,0.32,1.33,-4.64,-26.82,-3.87,0.76,False,False,True,③,ok,2026-10-09T15:27
140120260910534019,4194,2026-09-10T15:30,4,2026-07-31,,26143000000.0,4951000000.0,22.67,23.88,-1.21,18.94,0.34,24.93,-1.52,-27.66,-2.77,0.87,False,False,False,,ok,2026-10-09T15:27
140120260910534008,6778,2026-09-10T15:30,4,2026-07-31,,637000000.0,-36000000.0,12.94,-6.75,19.7,-5.65,17.58,,-13.92,-122.22,-41.55,,True,False,False,①,ok,2026-10-09T15:27
140120260910533907,1758,2026-09-10T15:30,2,2026-07-31,False,3455000000.0,90000000.0,-4.87,-0.42,-4.46,2.6,-1.06,-32.33,-11.21,-73.13,-6.1,0.64,False,False,False,,ok,2026-10-09T15:27
140120260910533902,6619,2026-09-10T15:30,2,2026-07-31,False,542000000.0,-1024000000.0,-21.9,19.59,-41.49,-188.93,9.05,,-60.89,,-8.2,,False,False,False,,ok,2026-10-09T15:27
140120260909533860,7640,2026-09-10T15:30,3,2026-07-31,,5219000000.0,-9000000.0,32.19,6.11,26.08,-0.17,2.61,,11.76,-136.0,-10.44,,True,False,False,①,ok,2026-10-09T15:27
140120260909533778,9692,2026-09-10T15:30,2,2026-07-31,False,18286000000.0,1845000000.0,10.77,17.88,-7.11,10.09,-0.0,10.74,8.88,-20.3,15.16,0.89,False,False,False,,ok,2026-10-09T15:27
140120260909533754,2375,2026-09-10T15:30,3,2026-07-31,False,5875000000.0,80000000.0,3.96,0.52,3.44,1.36,-1.77,-54.8,0.34,-55.06,8.55,,False,False,False,,ok,2026-10-09T15:27
140120260909533554,7682,2026-09-10T15:30,4,2026-07-31,,1502000000.0,2000000.0,2.04,3.02,-0.98,0.13,-0.48,-77.78,-0.73,-96.08,-1.67,3.36,False,False,False,,ok,2026-10-09T15:27
140120260909533499,2923,2026-09-10T15:30,1,2026-07-31,True,7996000000.0,107000000.0,-10.57,6.18,-16.75,1.34,-8.33,-87.62,-29.43,999.0,-12.19,9.25,False,False,False,,ok,2026-10-09T15:27
140120260909533433,3248,2026-09-10T15:30,3,2026-07-31,False,704000000.0,62000000.0,-7.37,-5.38,-1.98,8.81,-0.01,-7.46,-0.85,-63.53,-20.75,1.08,False,False,False,,ok,2026-10-09T15:27
140120260908533193,7196,2026-09-10T15:30,2,2026-07-31,False,3431000000.0,49000000.0,7.59,5.11,2.48,1.43,1.33,1533.33,4.13,999.0,1.11,,False,False,False,,ok,2026-10-09T15:27
140120260824524929,3246,2026-09-10T15:30,2,2026-07-31,False,1052000000.0,-79000000.0,-46.46,40.42,-86.88,-7.51,-13.97,-162.2,-40.06,,103.63,,False,False,False,,ok,2026-10-09T15:27
140120260826526490,2198,2026-09-10T15:00,3,2026-07-31,False,5994000000.0,451000000.0,11.91,4.51,7.4,7.52,0.86,26.33,8.49,229.2,-3.29,0.11,True,False,True,①③,ok,2026-10-09T15:27
140120260907532354,4026,2026-09-10T14:30,1,2026-07-31,True,7239000000.0,687000000.0,4.26,3.43,0.83,9.49,1.89,30.11,0.33,-12.37,2.66,0.54,False,False,False,,ok,2026-10-09T15:27
140120260820523664,2163,2026-09-10T14:00,2,2026-07-31,False,3572000000.0,585000000.0,17.93,14.64,3.29,16.38,-2.8,0.69,1.97,-7.44,6.39,,False,False,False,,ok,2026-10-09T15:27
140120260909533811,6535,2026-09-10T12:10,4,2026-07-31,,2938000000.0,800000000.0,2.12,2.87,-0.75,27.23,21.6,393.83,23.34,59.36,27.64,0.22,False,False,False,,ok,2026-10-09T15:27
140120260909533772,1928,2026-09-10T12:00,2,2026-07-31,True,1056766000000.0,104266000000.0,-5.76,-1.58,-4.18,9.87,1.38,9.54,16.27,37.0,25.43,0.79,False,False,False,,ok,2026-10-09T15:28
140120260909533319,4441,2026-09-10T12:00,3,2026-07-31,False,962000000.0,270000000.0,37.04,24.34,12.7,28.07,-5.12,15.88,8.33,4.25,0.29,0.22,False,False,True,③,ok,2026-10-09T15:28
140120260908533265,7678,2026-09-09T16:03,2,2026-07-31,False,2993000000.0,71000000.0,29.34,29.71,-0.37,2.37,-0.57,4.41,4.43,-26.8,0.96,1.54,False,False,False,,ok,2026-10-09T15:28
140120260908533128,2751,2026-09-09T16:00,1,2026-07-31,False,14097000000.0,427000000.0,17.69,16.72,0.97,3.03,-2.94,-40.28,-1.93,-45.67,-3.42,3.03,False,False,False,,ok,2026-10-09T15:28
140120260909533607,1433,2026-09-09T15:30,2,2026-07-31,True,2622000000.0,221000000.0,2.06,16.67,-14.6,8.43,4.81,137.63,-19.89,-37.39,1.5,0.33,False,False,False,,ok,2026-10-09T15:28
140120260909533582,3180,2026-09-09T15:30,1,2026-07-31,False,10250000000.0,475000000.0,13.74,13.15,0.59,4.63,1.98,98.74,-1.05,-23.76,-2.73,0.67,False,False,True,③,ok,2026-10-09T15:28
140120260909533416,5032,2026-09-09T15:30,1,2026-07-31,False,16620000000.0,6390000000.0,5.4,10.4,-4.99,38.45,-5.97,-8.75,21.66,95.83,12.85,1.05,False,False,False,,ok,2026-10-09T15:28
140120260909533302,6966,2026-09-09T15:30,2,2026-07-31,True,68786000000.0,7385000000.0,28.2,9.77,18.43,10.74,5.37,156.6,11.15,66.59,-1.87,0.65,True,False,False,①,ok,2026-10-09T15:28
140120260908533045,7804,2026-09-09T15:30,3,2026-07-31,False,1232000000.0,184000000.0,10.59,10.17,0.42,14.94,1.2,20.26,-0.65,-21.03,-9.8,1.13,False,False,False,,ok,2026-10-09T15:28
140120260908532911,2294,2026-09-09T15:30,1,2026-07-31,False,8446000000.0,65000000.0,-2.44,-0.78,-1.66,0.77,-1.99,-72.8,3.84,-21.69,3.48,4.14,False,False,False,,ok,2026-10-09T15:28
140120260907532701,7064,2026-09-09T15:30,2,2026-07-31,False,829000000.0,165000000.0,0.0,15.29,-15.29,19.9,-10.25,-34.0,0.48,0.61,43.43,,False,False,False,,ok,2026-10-09T15:28
140120260908532897,9632,2026-09-08T16:00,2,2026-07-31,False,7198000000.0,899000000.0,5.5,0.49,5.01,12.49,-1.87,-8.27,-9.63,-42.37,-12.84,1.13,False,False,False,,ok,2026-10-09T15:28
140120260828527776,7435,2026-09-08T15:40,1,2026-07-31,False,9572000000.0,95000000.0,23.35,3.04,20.31,0.99,2.05,,-22.48,-83.68,-28.85,,True,False,False,①,ok,2026-10-09T15:28
140120260907532703,4880,2026-09-08T15:30,3,2026-07-31,True,782000000.0,54000000.0,-21.64,-9.97,-11.67,6.91,-3.72,-49.06,-14.54,-18.18,2.78,,False,False,False,,ok,2026-10-09T15:28
140120260904531677,9636,2026-09-08T15:30,2,2026-07-31,False,943000000.0,82000000.0,-5.7,1.2,-6.9,8.7,-1.5,-19.61,9.4,95.24,13.9,1.65,False,False,False,,ok,2026-10-09T15:28
140120260904532061,3071,2026-09-08T15:00,2,2026-07-31,False,8663000000.0,74000000.0,2.79,5.57,-2.78,0.85,0.44,111.43,4.89,-22.11,7.17,0.24,False,False,True,③,ok,2026-10-09T15:28
140120260908532943,4238,2026-09-08T14:46,2,2026-07-31,True,4058000000.0,320000000.0,25.48,7.09,18.39,7.89,0.9,41.59,3.39,33.89,4.12,,True,False,False,①,ok,2026-10-09T15:28
