disclosure_id,code,material,status,url,title,score,attempts,checked_at
140120260910534039,3418,有,found,https://www.cdn.balnibarbi.com/ir.balnibarbi.com/news/upload/122e71b5b0156a7ed0ea6bf58c49dda7d1c23a3d.pdf,2026-09-19 説明会資料 2026年7月期 決算説明資料[3.3 MB],9,2,2026-10-09T18:42:51
140120260911535353,3282,,found,https://www.comforia-reit.co.jp/file/news-a2a73cbf0d601019a633f18c1687ac409e3e0b89.pdf,「IR情報（開示資料）」に、第32期（2026年7月期）決算説明会資料を掲載しました。,12,2,2026-10-09T18:42:49
140120260915536382,401A,,retry,,,,2,2026-10-09T18:42:48
140120260914535475,3459,,retry,,,,2,2026-10-09T18:42:48
140120260911534987,6040,有,found,https://ssl4.eir-parts.net/doc/6040/ir_material_for_fiscal_ym/212766/00.pdf,2026年7月期　通期決算説明会資料,12,1,2026-10-09T18:14:14
140120260911534851,1766,有,retry,,,,1,2026-10-09T18:14:10
140120260911534917,3539,有,found,https://contents.xj-storage.jp/xcontents/AS93761/fa2fe6b5/4c1b/44af/9c65/7bac69546271/20260917184148564s.pdf,第48期決算説明資料[2MB],11,1,2026-10-09T18:14:02
140120260910534357,9262,有,found,https://contents.xj-storage.jp/xcontents/AS71108/0125b63b/6dfd/499e/8f9f/d01db79c226c/20260909084650916s.pdf,"2026年7月期　決算説明資料  （3,475KB）",14,1,2026-10-09T18:13:40
140120260902530581,1844,有,found,https://ssl4.eir-parts.net/doc/1844/ir_material_for_fiscal_ym2/213777/00.pdf,"2026/10/09
2026年7月期通期 決算説明資料  （1,526KB）",12,1,2026-10-09T18:13:39
140120260911534673,7810,有,retry,,,,1,2026-10-09T18:13:30
140120260913535406,442A,有,found,https://contents.xj-storage.jp/xcontents/AS05759/4464231e/b97d/4b57/8175/47fb84c827e8/20260914111302047s.pdf,2026年10月期第３四半期決算説明資料pdf (5MB),17,1,2026-10-09T18:13:23
140120260914536149,4380,有,retry,,,,1,2026-10-09T18:13:04
140120260914536133,2345,有,retry,,,,1,2026-10-09T18:13:02
140120260925540241,4465,有,found,https://ssl4.eir-parts.net/doc/4465/ir_material_for_fiscal_ym/213126/00.pdf,2027年5月期　第1四半期　決算補足説明資料,12,1,2026-10-09T18:12:57
140120260925539958,2742,有,found,https://contents.xj-storage.jp/xcontents/AS92889/085a0bb0/e84a/4cc0/ab85/48685a90ce7a/20261001164532962s.pdf,"2026.10.02

2027年２月期/第２四半期(中間期)決算説明補足資料

PDF：413KB",13,1,2026-10-09T18:12:38
140120260925540547,1723,有,found,https://ssl4.eir-parts.net/doc/1723/ir_material_for_fiscal_ym6/209707/00.pdf,"2026/07/24
2027年3月期 第1四半期　決算補足資料  （1,645KB）",12,1,2026-10-09T18:12:31
140120260928540809,7921,有,found,https://contents.xj-storage.jp/xcontents/79210/cb45b2b0/6d52/4446/9309/46e98531f086/20261001091849966s.pdf,"2026年10月01日
IR資料
2027年５月期　第１四半期決算短信補足資料
(6834KB)",13,1,2026-10-09T18:12:28
140120260928541251,3607,有,found,https://ssl4.eir-parts.net/doc/3607/ir_material_for_fiscal_ym/213271/00.pdf,"2026.09.29
2026年8月期　決算補足説明資料 PDF （6,337KB）",9,1,2026-10-09T18:12:21
140120260928540923,2792,有,retry,,,,1,2026-10-09T18:12:19
140120260930542868,8276,有,retry,,,,1,2026-10-09T18:12:13
140120260930542803,2935,有,found,https://contents.xj-storage.jp/xcontents/AS93462/fe9a7fb0/d0da/416c/93db/85ad09449f27/20261007175342756s.pdf,"2026年10月08日
IR資料
2027年２月期第２四半期　決算説明会資料（2026年10月08日）(4MB)",13,1,2026-10-09T18:12:12
140120261002545036,8931,有,retry,,,,1,2026-10-09T18:12:05
140120261002545289,4475,有,found,https://contents.xj-storage.jp/xcontents/AS92184/57c7f7c2/b7bf/4318/86c8/d69eb4753460/140120260803507614.pdf,2026.08.04適時開示2026年9月期第3四半期 決算説明資料（8833KB）,12,1,2026-10-09T18:12:02
140120261005545693,8923,有,found,https://pdf.irpocket.com/C8923/xoA3/IjHJ/Mv7V/Xfbi.pdf,"2026年10月05日





IR資料




2026年11月期 第3四半期決算説明資料（3,399 KB）
PDFファイルを開く
NEW",12,1,2026-10-09T18:11:48
140120261008547647,9983,有,retry,,,,1,2026-10-09T18:11:43
140120260925540070,7679,有,retry,,,,1,2026-10-09T18:11:32
140120261002545461,3186,有,found,https://contents.xj-storage.jp/xcontents/31860/8ec5009e/912e/4447/969c/844217c4e4c9/20261005110530351s.pdf,2026年11月期第3四半期 決算説明資料（2MB）,17,1,2026-10-09T18:11:25
140120261003544976,9793,有,found,https://contents.xj-storage.jp/xcontents/AS03569/5fd83781/4900/4f80/9f67/aae5515e8ad9/20261002131015675s.pdf,2027年2月期（第69期）　第2四半期決算,11,1,2026-10-09T18:11:16
140120261005545816,7630,有,retry,,,,1,2026-10-09T18:11:09
140120261005545888,2659,有,retry,,,,1,2026-10-09T18:10:59
140120261002545584,6469,有,retry,,,,1,2026-10-09T18:10:49
140120261006546499,6407,有,retry,,,,1,2026-10-09T18:10:40
140120261007547248,9414,有,retry,,,,1,2026-10-09T18:10:38
140120260924539705,2341,有,retry,,,,1,2026-10-09T18:10:16
140120260929541653,7649,有,found,https://www.sugi-hd.co.jp/pdf/ir/briefing/%E3%80%90IR%E8%B3%87%E6%96%99%E3%80%912027%E5%B9%B42%E6%9C%88%E6%9C%9F_2Q_v1.pdf,"IR資料
別ウィンドウで開く",12,1,2026-10-09T18:10:04
140120261008547659,4440,有,retry,,,,1,2026-10-09T18:09:57
140120261008547970,1997,有,retry,,,,1,2026-10-09T18:09:50
140120261005545984,6668,有,retry,,,,1,2026-10-09T18:09:42
140120260929542125,4760,有,retry,,,,1,2026-10-09T18:09:41
140120261008548285,3815,有,retry,,,,1,2026-10-09T18:09:37
140120261009548564,9740,有,retry,,,,3,2026-10-09T18:09:31
140120261008548101,4645,有,retry,,,,3,2026-10-09T18:09:25
140120261009548328,2735,有,retry,,,,1,2026-10-09T18:09:19
140120261009548555,3046,有,retry,,,,1,2026-10-09T18:09:19
140120261009548704,7603,有,retry,,,,3,2026-10-09T18:09:18
140120261009548565,4829,有,retry,,,,3,2026-10-09T18:09:18
140120260909533772,1928,有,found,https://www.sekisuihouse.co.jp/company/financial/library/ir_document/2026/2026_kessan/p20260910.pdf,2026.09.10 決算 2026年度 第2四半期 経営計画説明会資料,14,1,2026-10-09T18:09:08
140120260909533778,9692,有,found,https://www.cec-ltd.co.jp/ir/2026/09/guide_20260910.pdf,最新資料 2026.09.10 2027年1月期 第2四半期決算説明会補足資料（PDF：2.6MB）,17,1,2026-10-09T18:08:40
140120260909533554,7682,有,found,https://ir.hamayuu.co.jp/ja/ir/library/result/main/0112/teaserItems1/0/linkList/0/link/pdffile.pdf,"2026年7月期（第59期）決算説明資料 （1,947KB）",9,1,2026-10-09T18:08:39
140120260902530831,4334,有,found,https://www.yukes.co.jp/wp-content/uploads/2026/09/202609102.pdf,2026.09.10 決算説明資料 2027年１月期 中間決算説明資料（補足説明あり）,14,1,2026-10-09T18:08:38
140120260909533854,2929,有,found,https://www.pharmafoods.co.jp/irlib/20260928_2dc0ad37106a26a9411e8c47643be268.pdf,2026-09-28 2026年7月期　決算補足説明資料,10,1,2026-10-09T18:08:35
140120260911535034,3421,有,found,https://www.inaba-ss.co.jp/wp/wp-content/uploads/2026/10/c4570f6a45b237194755de4defd10648.pdf,2026年10月02日　2026年7月期 決算補足資料 【PDF：2.3 MB】,9,1,2026-10-09T18:08:30
140120260911534824,9603,有,found,https://www.his.co.jp/assets/FY26_3q_presentation.pdf,2026年10月期 第３四半期 決算説明補足資料 6.0 MB,12,1,2026-10-09T18:08:27
140120260910534569,2353,有,found,https://n-p-d.co.jp/wp-content/uploads/2026/09/2026年7月期決算説明資料.pdf,PDF,14,1,2026-10-09T18:08:25
140120260909533357,6757,有,found,https://www.osg-nandemonet.co.jp/ir/pdf/briefing/2027/2027_1_all_02.pdf,【決算説明会資料】2027年1月期 第2四半期（中間期）決算説明会資料,12,1,2026-10-09T18:08:24
140120260914535723,8957,,retry,,,,1,2026-10-09T18:08:02
140120260914535669,8967,,found,https://8967.jp/file/top_topics-87932d9876bbddcb3b9a212b57c047141913c343.pdf,2026年7月期（第42期）決算説明会資料 4.4MB,12,1,2026-10-09T18:08:01
140120260914535543,9627,有,found,https://www.ainj.co.jp/corporate/ir/library/financial/assets/upload/supplement2027_1q.pdf,第1四半期決算補足資料 （477.5 KB）,9,1,2026-10-09T18:08:00
140120260910534391,6387,有,found,https://www.samco.co.jp/whatsnew/uploads/3d9e53935ad8e9f83b10efa4ab4603dde6a0252b.pdf,2026.09.15 IR 第47期 決算説明会資料を掲載しました,9,1,2026-10-09T18:07:54
140120260909533757,3804,有,found,https://www.systemd.co.jp/wordpress/wp-content/themes/systemd/pdf/ir_data_20260914.pdf,2026年10月期(第45期)第3四半期決算報告補足資料を掲載いたしました。,17,1,2026-10-09T18:07:50
140120260821524319,3468,,found,https://starasia-reit.com/file/top_financial-c239eda25031fa3aec4205c7326e0d38250e96cc.pdf,決算説明会資料,9,1,2026-10-09T18:07:49
140120260914536090,6838,有,found,https://www.tmex.co.jp/dcms_media/other/_0914.pdf,2026/09/14 2026年10月期 第3四半期決算説明資料,12,1,2026-10-09T18:07:44
140120260915536646,3471,,found,https://www.mflp-r.co.jp/file/ir_library_term-ed9d864af7f956c316568ab42a75511f2900511d.pdf,決算 2026年9月17日 第20期（2026年7月期）決算説明会資料,12,1,2026-10-09T18:07:38
140120260916537453,3249,,found,https://contents.xj-storage.jp/xcontents/32490/eb403b49/ebd8/435c/9cbf/0fa0f8c34cd3/20260916140227935s.pdf,決算説明会資料 （12MB）,14,1,2026-10-09T18:07:36
140120260916537437,2989,,found,https://www.tokaido-reit.co.jp/file/ir_library_term-20d2bab0d33a780d73638fd3589e4cc325eca5d1.pdf,決算説明会資料 （10.1MB）,9,1,2026-10-09T18:07:34
140120260927540636,8227,有,found,https://www.shimamura.gr.jp/assets-c/uploads/74_02_gaiyou2.pdf,2027年2月期第2四半期決算概要,12,1,2026-10-09T18:07:27
140120260929542326,6594,,retry,,,,1,2026-10-09T18:07:15
140120260929541752,7915,有,found,https://www.nissha.com/ir/library/had98i0000001mjt-att/presentation20260930.pdf,Q2説明会資料[881.3KB],14,1,2026-10-09T18:07:14
140120260930543360,6594,,found,https://www.nidec.com/files/user/www-nidec-com/ir/library/earnings/2026/FY25Q4_1_jp.pdf,再生に向けての変革(会見プレゼンテーション資料),9,1,2026-10-09T18:07:10
140120260928541537,7545,有,found,https://www.24028.jp/ir/wp-content/uploads/sites/3/kessanshiryo2027-2-2q.pdf,2026.10.02 2027年2月期第2四半期（中間期）決算説明会資料,12,1,2026-10-09T18:07:04
140120261002545509,6474,有,found,https://www.nachi-fujikoshi.co.jp/dcms_media/other/20261005_jp2.pdf,第3四半期決算短信補足資料,14,1,2026-10-09T18:06:53
140120261005546065,2726,有,found,https://www.palgroup.holdings/wp/wp-content/uploads/2026/10/5b6c0842f4d058e04740f702a20904d5.pdf,2027年2月期 第2四半期 決算説明会資料,13,1,2026-10-09T18:06:42
140120261001544135,9381,有,found,https://www.ait-jp.com/docs/ir/library/202610091200002.pdf,【決算】2027年2月期 第2四半期(中間期）決算補足資料,17,1,2026-10-09T18:06:29
140120261008548252,3048,有,found,https://www.biccamera.co.jp/ir/news/pdf2026/20261009_2.pdf,2026.10.09 業績 2026年8月期 決算補足説明資料,14,1,2026-10-09T18:06:19
140120260904531677,9636,無,no_material,,,,1,2026-10-09T18:05:56
140120260907532195,426A,,none,,,,1,2026-10-09T18:05:56
140120260907532355,2438,無,no_material,,,,1,2026-10-09T18:05:55
140120260908532897,9632,無,no_material,,,,1,2026-10-09T18:05:54
140120260908532911,2294,無,no_material,,,,1,2026-10-09T18:05:53
140120260908533265,7678,無,no_material,,,,1,2026-10-09T18:05:52
140120260907532354,4026,無,no_material,,,,1,2026-10-09T18:05:50
140120260907532675,272A,無,no_material,,,,1,2026-10-09T18:05:49
140120260909533754,2375,無,no_material,,,,1,2026-10-09T18:05:45
140120260910533907,1758,無,no_material,,,,1,2026-10-09T18:05:44
140120260909533499,2923,無,no_material,,,,1,2026-10-09T18:05:43
140120260909533433,3248,無,no_material,,,,1,2026-10-09T18:05:42
140120260824524929,3246,無,no_material,,,,1,2026-10-09T18:05:40
140120260907532528,5971,無,no_material,,,,1,2026-10-09T18:05:39
140120260909533783,172A,,none,,,,1,2026-10-09T18:05:37
140120260909533679,8921,,none,,,,1,2026-10-09T18:05:37
140120260911534744,6336,無,no_material,,,,1,2026-10-09T18:05:35
140120260911535058,6656,無,no_material,,,,1,2026-10-09T18:05:33
140120260911534916,3444,無,no_material,,,,1,2026-10-09T18:05:30
140120260911534797,7831,無,no_material,,,,1,2026-10-09T18:05:28
140120260911534723,7878,無,no_material,,,,1,2026-10-09T18:05:27
140120260910534371,2695,無,no_material,,,,1,2026-10-09T18:05:26
140120260910534227,8077,無,no_material,,,,1,2026-10-09T18:05:23
140120260828528001,2373,無,no_material,,,,1,2026-10-09T18:05:20
140120260909533707,3733,無,no_material,,,,1,2026-10-09T18:05:18
140120260911535038,3361,無,no_material,,,,1,2026-10-09T18:05:16
140120260911534873,6898,無,no_material,,,,1,2026-10-09T18:05:14
140120260911534701,5079,無,no_material,,,,1,2026-10-09T18:05:11
140120260910534126,7850,無,no_material,,,,1,2026-10-09T18:05:10
140120260831529125,3524,無,no_material,,,,1,2026-10-09T18:05:08
140120260909533773,3161,無,no_material,,,,1,2026-10-09T18:05:06
140120260914535674,7604,無,no_material,,,,1,2026-10-09T18:05:05
140120260914535524,560A,,none,,,,1,2026-10-09T18:05:05
140120260911535248,3483,,none,,,,1,2026-10-09T18:05:05
140120260914535423,461A,,none,,,,1,2026-10-09T18:05:05
140120260812518510,6497,無,no_material,,,,1,2026-10-09T18:05:04
140120260914535638,3419,無,no_material,,,,1,2026-10-09T18:05:03
140120260914535770,6497,,none,,,,1,2026-10-09T18:05:03
140120260914535720,267A,,none,,,,1,2026-10-09T18:05:03
140120260914535834,5531,,none,,,,1,2026-10-09T18:05:02
140120260910534509,2776,無,no_material,,,,1,2026-10-09T18:05:02
140120260914535474,7355,,none,,,,1,2026-10-09T18:05:00
140120260914535883,1383,無,no_material,,,,1,2026-10-09T18:04:59
140120260914535793,1840,無,no_material,,,,1,2026-10-09T18:04:53
140120260911535236,7034,無,no_material,,,,1,2026-10-09T18:04:52
140120260911534871,7614,無,no_material,,,,1,2026-10-09T18:04:51
140120260827527053,7901,無,no_material,,,,1,2026-10-09T18:04:48
140120260911534911,2391,無,no_material,,,,1,2026-10-09T18:04:45
140120260914535682,588A,,none,,,,1,2026-10-09T18:04:44
140120260914535644,3169,無,no_material,,,,1,2026-10-09T18:04:44
140120260914535657,8894,,none,,,,1,2026-10-09T18:04:44
140120260914535513,3441,無,no_material,,,,1,2026-10-09T18:04:43
140120260910534084,3955,無,no_material,,,,1,2026-10-09T18:04:42
140120260914536069,7098,,none,,,,1,2026-10-09T18:04:38
140120260914535670,359A,,none,,,,1,2026-10-09T18:04:38
140120260904531691,525A,,none,,,,1,2026-10-09T18:04:38
140120260914536063,5598,,none,,,,1,2026-10-09T18:04:38
140120260914536165,161A,,none,,,,1,2026-10-09T18:04:38
140120260916537085,1546,,none,,,,1,2026-10-09T18:04:37
140120260916537094,2846,,none,,,,1,2026-10-09T18:04:37
140120260916537090,1678,,none,,,,1,2026-10-09T18:04:37
140120260916537060,1343,,none,,,,1,2026-10-09T18:04:37
140120260916537083,1545,,none,,,,1,2026-10-09T18:04:37
140120260916537088,1560,,none,,,,1,2026-10-09T18:04:37
140120260916537071,1559,,none,,,,1,2026-10-09T18:04:37
140120260916537092,2845,,none,,,,1,2026-10-09T18:04:37
140120260916537068,1699,,none,,,,1,2026-10-09T18:04:37
140120260915536563,411A,,none,,,,1,2026-10-09T18:04:37
140120260917537691,443A,,none,,,,1,2026-10-09T18:04:36
140120260917537699,516A,,none,,,,1,2026-10-09T18:04:36
140120260917537713,517A,,none,,,,1,2026-10-09T18:04:36
140120260917537870,4923,無,no_material,,,,1,2026-10-09T18:04:34
140120260916537124,2796,無,no_material,,,,1,2026-10-09T18:04:32
140120260918538439,313A,,none,,,,1,2026-10-09T18:04:31
140120260918538456,2526,,none,,,,1,2026-10-09T18:04:31
140120260918538414,1329,,none,,,,1,2026-10-09T18:04:31
140120260918538407,491A,,none,,,,1,2026-10-09T18:04:31
140120260918538462,314A,,none,,,,1,2026-10-09T18:04:31
140120260918538423,1483,,none,,,,1,2026-10-09T18:04:31
140120260918538446,201A,,none,,,,1,2026-10-09T18:04:31
140120260918538452,2567,,none,,,,1,2026-10-09T18:04:31
140120260918538481,2525,,none,,,,1,2026-10-09T18:04:31
140120260918538458,2524,,none,,,,1,2026-10-09T18:04:31
140120260918538389,2522,,none,,,,1,2026-10-09T18:04:31
140120260918538428,2851,,none,,,,1,2026-10-09T18:04:31
140120260918538431,2250,,none,,,,1,2026-10-09T18:04:31
140120260918538435,2014,,none,,,,1,2026-10-09T18:04:31
140120260918538419,1477,,none,,,,1,2026-10-09T18:04:31
140120260918538450,530A,,none,,,,1,2026-10-09T18:04:31
140120260918538433,2013,,none,,,,1,2026-10-09T18:04:31
140120260918538421,1478,,none,,,,1,2026-10-09T18:04:31
140120260918538404,408A,,none,,,,1,2026-10-09T18:04:31
140120260918538417,1364,,none,,,,1,2026-10-09T18:04:31
140120260918538354,1655,,none,,,,1,2026-10-09T18:04:31
140120260918538381,1657,,none,,,,1,2026-10-09T18:04:31
140120260918538400,392A,,none,,,,1,2026-10-09T18:04:31
140120260918538411,1475,,none,,,,1,2026-10-09T18:04:31
140120260918538358,1476,,none,,,,1,2026-10-09T18:04:31
140120260918538386,1659,,none,,,,1,2026-10-09T18:04:31
140120260918538384,1658,,none,,,,1,2026-10-09T18:04:31
140120260918538569,3544,無,no_material,,,,1,2026-10-09T18:04:31
140120260918538393,2563,,none,,,,1,2026-10-09T18:04:31
140120260918538396,2852,,none,,,,1,2026-10-09T18:04:31
140120260918538759,2843,,none,,,,1,2026-10-09T18:04:30
140120260918538787,2861,,none,,,,1,2026-10-09T18:04:30
140120260918538790,2862,,none,,,,1,2026-10-09T18:04:30
140120260924539303,2629,,none,,,,1,2026-10-09T18:04:30
140120260918538784,2844,,none,,,,1,2026-10-09T18:04:30
140120260924539298,2628,,none,,,,1,2026-10-09T18:04:30
140120260924539210,404A,,none,,,,1,2026-10-09T18:04:30
140120260924539213,328A,,none,,,,1,2026-10-09T18:04:30
140120260924539180,518A,,none,,,,1,2026-10-09T18:04:30
140120260916536983,9444,,none,,,,1,2026-10-09T18:04:30
140120260924539291,1651,,none,,,,1,2026-10-09T18:04:30
140120260918538541,3160,無,no_material,,,,1,2026-10-09T18:04:29
140120260923539060,7227,無,no_material,,,,1,2026-10-09T18:04:28
140120260928540926,3538,,none,,,,1,2026-10-09T18:04:24
140120260917537930,7624,無,no_material,,,,1,2026-10-09T18:04:23
140120260928541113,1360,,none,,,,1,2026-10-09T18:04:23
140120260928541119,1568,,none,,,,1,2026-10-09T18:04:23
140120260928541148,1569,,none,,,,1,2026-10-09T18:04:23
140120260928541151,1469,,none,,,,1,2026-10-09T18:04:23
140120260928541146,1579,,none,,,,1,2026-10-09T18:04:23
140120260928541142,1580,,none,,,,1,2026-10-09T18:04:23
140120260928541116,1356,,none,,,,1,2026-10-09T18:04:22
140120260929541638,349A,,none,,,,1,2026-10-09T18:04:21
140120260929541770,1349,,none,,,,1,2026-10-09T18:04:21
140120260928541390,9976,無,no_material,,,,1,2026-10-09T18:04:17
140120260929542224,9651,無,no_material,,,,1,2026-10-09T18:04:14
140120260929542396,3089,無,no_material,,,,1,2026-10-09T18:04:13
140120260929542301,9265,無,no_material,,,,1,2026-10-09T18:04:11
140120260929542486,6594,無,no_material,,,,1,2026-10-09T18:04:10
140120260930543478,6594,無,no_material,,,,1,2026-10-09T18:04:09
140120260929542371,9369,無,no_material,,,,1,2026-10-09T18:04:08
140120260930543372,6268,,none,,,,1,2026-10-09T18:04:07
140120260930543431,6268,,none,,,,1,2026-10-09T18:04:07
140120260930543438,6268,,none,,,,1,2026-10-09T18:04:06
140120260930543461,6268,,none,,,,1,2026-10-09T18:04:05
140120260930543301,5942,無,no_material,,,,1,2026-10-09T18:04:03
140120260930543566,3549,無,no_material,,,,1,2026-10-09T18:04:01
140120261001544401,2493,無,no_material,,,,1,2026-10-09T18:04:00
140120261002545115,7870,無,no_material,,,,1,2026-10-09T18:03:59
140120261002545403,6664,無,no_material,,,,1,2026-10-09T18:03:58
140120261002545010,7975,無,no_material,,,,1,2026-10-09T18:03:56
140120260903531293,5076,無,no_material,,,,1,2026-10-09T18:03:55
140120261002545339,9872,無,no_material,,,,1,2026-10-09T18:03:53
140120260926540626,2753,無,no_material,,,,1,2026-10-09T18:03:52
140120261001544712,1376,無,no_material,,,,1,2026-10-09T18:03:51
140120261005545843,2300,無,no_material,,,,1,2026-10-09T18:03:50
140120261002545369,2789,無,no_material,,,,1,2026-10-09T18:03:47
140120261002545520,3148,無,no_material,,,,1,2026-10-09T18:03:44
140120261006546389,7434,,none,,,,1,2026-10-09T18:03:40
140120261002544993,6496,無,no_material,,,,1,2026-10-09T18:03:39
140120261006546338,3396,無,no_material,,,,1,2026-10-09T18:03:37
140120261005546296,9444,,none,,,,1,2026-10-09T18:03:35
140120261005546285,2734,無,no_material,,,,1,2026-10-09T18:03:34
140120261006546735,9444,,none,,,,1,2026-10-09T18:03:34
140120261006546368,9846,無,no_material,,,,1,2026-10-09T18:03:33
140120261008547734,234A,,none,,,,1,2026-10-09T18:03:29
140120261008547727,235A,,none,,,,1,2026-10-09T18:03:29
140120261008547739,512A,,none,,,,1,2026-10-09T18:03:29
140120261008547742,513A,,none,,,,1,2026-10-09T18:03:29
140120261008547725,179A,,none,,,,1,2026-10-09T18:03:29
140120261008547698,2864,,none,,,,1,2026-10-09T18:03:29
140120261008547731,180A,,none,,,,1,2026-10-09T18:03:29
140120261006546678,2303,無,no_material,,,,1,2026-10-09T18:03:29
140120261007547290,4995,無,no_material,,,,1,2026-10-09T18:03:28
140120260925540271,3824,無,no_material,,,,1,2026-10-09T18:03:26
140120261006546386,2408,無,no_material,,,,1,2026-10-09T18:03:24
140120261007547023,9903,無,no_material,,,,1,2026-10-09T18:03:23
140120261007547084,4361,無,no_material,,,,1,2026-10-09T18:03:22
140120261007547180,9720,無,no_material,,,,1,2026-10-09T18:03:21
140120261008547947,8918,無,no_material,,,,1,2026-10-09T18:03:17
140120261007547258,9765,無,no_material,,,,1,2026-10-09T18:03:16
140120261008547781,9861,無,no_material,,,,1,2026-10-09T18:03:15
140120261007547504,7137,,none,,,,1,2026-10-09T18:03:14
140120261007547358,8127,無,no_material,,,,1,2026-10-09T18:03:11
140120261008548092,9974,有,found,https://contents.xj-storage.jp/xcontents/AS07593/c5a7fa54/8860/4c11/b235/8e15b5f45458/20261009145520125s.pdf,"2026年10月09日
2027年２月期第２四半期（中間期）決算参考資料
(228KB)",14,2,2026-10-09T17:47:30
140120261008548224,9982,無,no_material,,,,1,2026-10-09T17:47:13
140120261009548443,8008,有,found,https://cdn.clipkit.co/tenants/2641/item_files/assets/000/001/347/original/74.2Q.KESSAN.e.d.pdf,"Investors’ Presentation Results for the First Half of Fiscal 2023
                                        
             ",9,2,2026-10-09T17:46:33
140120261008547874,9313,無,no_material,,,,1,2026-10-09T17:41:23
140120260902530837,3201,無,no_material,,,,1,2026-10-09T17:41:12
140120261009548276,2747,無,no_material,,,,1,2026-10-09T17:41:00
140120261009548383,7713,無,no_material,,,,1,2026-10-09T17:40:59
140120261009548813,8185,無,no_material,,,,1,2026-10-09T17:40:58
140120261009548758,6136,有,found,https://www.osg.co.jp/about_us/ir/financial/file/OSG_fy2026_3q_financialresultsreport_jp.pdf,2026年11月期（第114期）第3四半期決算説明資料（3.8 MB）,12,1,2026-10-09T17:40:57
140120261009548763,2687,無,no_material,,,,1,2026-10-09T17:40:57
140120261009548672,7501,無,no_material,,,,1,2026-10-09T17:40:46
140120261009548367,3501,無,no_material,,,,1,2026-10-09T17:40:13
140120261009548353,3192,無,no_material,,,,1,2026-10-09T17:40:12
140120261008548186,8570,有,found,https://www.aeonfinancial.co.jp/-/media/AeonGroup/Aeonfinancial/Files/ir/library/hojyo/2026/hojyo_261009_2Q.pdf,"第2四半期　決算補足資料 (1,048KB)",9,1,2026-10-09T17:40:12
140120261008547593,3353,無,no_material,,,,1,2026-10-09T17:39:48
140120260907532204,7888,無,no_material,,,,1,2026-10-09T17:39:47
140120261008547881,3996,無,no_material,,,,1,2026-10-09T17:39:46
140120260929542410,8908,無,no_material,,,,1,2026-10-09T17:39:45
140120260930542585,2722,無,no_material,,,,1,2026-10-09T17:39:44
140120261002545524,5900,無,no_material,,,,1,2026-10-09T17:39:43
140120261006546837,5271,無,no_material,,,,1,2026-10-09T17:39:32
140120261007547092,9647,無,no_material,,,,1,2026-10-09T17:39:31
140120261008547579,6814,有,found,https://www.furuno.co.jp/Portals/0/images/ir/library/bs/setsumei_2027Q2.pdf, 「2027年2月期（第76期）第2四半期決算説明資料」を掲載しました  ,12,1,2026-10-09T17:39:31
140120260925540450,7427,無,no_material,,,,1,2026-10-09T17:39:08
140120260930542986,5982,無,no_material,,,,1,2026-10-09T17:39:07
140120261008548002,5341,無,no_material,,,,1,2026-10-09T17:39:06
140120261009548685,6506,有,found,https://www.yaskawa.co.jp/wp-content/uploads/2026/10/20261009_haifu.pdf,2027年2月期 第2四半期業績概要,17,1,2026-10-09T17:38:46
140120261008548174,9972,無,no_material,,,,1,2026-10-09T17:38:34
140120261009548877,7463,無,no_material,,,,1,2026-10-09T17:38:10
140120260911535241,5075,有,retry,,,,1,
140120260911534864,5131,有,retry,,,,1,
140120261006546807,3391,有,retry,,,,1,
140120260925540554,8217,有,retry,,,,1,
140120260928541531,3038,有,retry,,,,1,
140120261008547872,4728,有,retry,,,,1,
140120261007547344,428A,有,retry,,,,1,
140120260910534583,6267,有,retry,,,,1,
140120261009548609,2999,有,retry,,,,1,
