disclosure_id,code,disclosed_at,n_q,period_end,status,data
140120261009548704,7603,2026-10-09T17:00,2,2026-08-31,none,
140120261008547944,3454,2026-10-09T17:00,3,2026-08-31,none,
140120261009548877,7463,2026-10-09T16:45,2,2026-09-30,none,
140120261009548328,2735,2026-10-09T16:30,4,2026-08-31,none,
140120261008548174,9972,2026-10-09T16:30,3,2026-08-31,none,
140120261009548695,4735,2026-10-09T16:00,2,2026-08-31,none,
140120261009548685,6506,2026-10-09T16:00,2,2026-08-31,none,
140120261009548565,4829,2026-10-09T16:00,1,2026-08-31,none,
140120261009548555,3046,2026-10-09T16:00,4,2026-08-31,none,
140120261009548536,3063,2026-10-09T16:00,2,2026-08-31,none,
140120261008548245,9270,2026-10-09T16:00,4,2026-08-31,none,
140120261008548101,4645,2026-10-09T16:00,2,2026-08-31,none,
140120261008548002,5341,2026-10-09T16:00,3,2026-08-31,none,
140120261006546588,3550,2026-10-09T16:00,2,2026-08-31,none,
140120260930542986,5982,2026-10-09T16:00,2,2026-08-31,none,
140120260925540450,7427,2026-10-09T15:40,2,2026-08-31,none,
140120261009548813,8185,2026-10-09T15:30,2,2026-08-31,none,
140120261009548763,2687,2026-10-09T15:30,2,2026-08-31,none,
140120261009548758,6136,2026-10-09T15:30,3,2026-08-31,none,
140120261009548714,6264,2026-10-09T15:30,4,2026-08-31,none,
140120261009548687,137A,2026-10-09T15:30,1,2026-08-31,none,
140120261009548672,7501,2026-10-09T15:30,3,2026-08-31,none,
140120261009548609,2999,2026-10-09T15:30,4,2026-08-31,none,
140120261009548600,4430,2026-10-09T15:30,1,2026-08-31,none,
140120261009548591,7370,2026-10-09T15:30,1,2026-08-31,none,
140120261009548564,9740,2026-10-09T15:30,2,2026-08-31,none,
140120261009548541,3627,2026-10-09T15:30,2,2026-08-31,none,
140120261009548446,7673,2026-10-09T15:30,1,2026-08-31,none,
140120261009548443,8008,2026-10-09T15:30,2,2026-08-31,none,
140120261009548367,3501,2026-10-09T15:30,1,2026-08-31,none,
140120261009548353,3192,2026-10-09T15:30,3,2026-08-31,none,
140120261009548352,8200,2026-10-09T15:30,2,2026-08-31,none,
140120261009548315,2157,2026-10-09T15:30,4,2026-08-31,none,
140120261008548285,3815,2026-10-09T15:30,4,2026-08-31,none,
140120261008548227,4443,2026-10-09T15:30,1,2026-08-31,none,
140120261008548186,8570,2026-10-09T15:30,2,2026-08-31,none,
140120261008548166,6289,2026-10-09T15:30,4,2026-08-31,none,
140120261008548129,2698,2026-10-09T15:30,2,2026-08-31,none,
140120261008548049,3222,2026-10-09T15:30,2,2026-08-31,none,
140120261008547930,4992,2026-10-09T15:30,3,2026-08-31,none,
140120261008547906,2669,2026-10-09T15:30,2,2026-08-31,none,
140120261008547881,3996,2026-10-09T15:30,2,2026-08-31,none,
140120261008547593,3353,2026-10-09T15:30,2,2026-08-31,none,
140120261008547579,6814,2026-10-09T15:30,2,2026-08-31,none,
140120261007547333,463A,2026-10-09T15:30,1,2026-08-31,none,
140120261007547092,9647,2026-10-09T15:30,3,2026-08-31,none,
140120261006546837,5271,2026-10-09T15:30,2,2026-08-31,none,
140120261005545984,6668,2026-10-09T15:30,4,2026-08-31,ok,"{""segments"": [{""name"": ""半導体・液晶関連事業"", ""orders"": 20422000000.0, ""orders_prior"": null, ""orders_fy"": null, ""backlog"": 10652000000.0, ""backlog_prior"": null, ""backlog_fy"": null, ""orders_yoy"": 109.0, ""backlog_yoy"": 223.8}, {""name"": ""研究機関・大学関連事業"", ""orders"": 632000000.0, ""orders_prior"": null, ""orders_fy"": null, ""backlog"": 773000000.0, ""backlog_prior"": null, ""backlog_fy"": null, ""orders_yoy"": -52.9, ""backlog_yoy"": -19.9}], ""total"": {""name"": ""合計"", ""orders"": 21055000000.0, ""orders_prior"": null, ""orders_fy"": null, ""backlog"": 11426000000.0, ""backlog_prior"": null, ""backlog_fy"": null, ""orders_yoy"": 89.4, ""backlog_yoy"": 168.5}}"
140120261005545955,4187,2026-10-09T15:30,3,2026-08-31,none,
140120261002545524,5900,2026-10-09T15:30,2,2026-08-31,none,
140120260930542585,2722,2026-10-09T15:30,1,2026-08-31,none,
140120260929542410,8908,2026-10-09T15:30,1,2026-08-31,none,
140120260929542125,4760,2026-10-09T15:30,4,2026-08-31,none,
140120260907532204,7888,2026-10-09T15:30,1,2026-08-31,none,
140120260831529101,8244,2026-10-09T15:30,2,2026-08-31,none,
140120261009548383,7713,2026-10-09T15:00,1,2026-08-31,none,
140120261009548276,2747,2026-10-09T15:00,2,2026-08-31,none,
140120261008547970,1997,2026-10-09T15:00,4,2026-08-31,none,
140120260902530837,3201,2026-10-09T15:00,3,2026-08-31,none,
140120261008548224,9982,2026-10-09T14:00,2,2026-08-31,none,
140120261008548092,9974,2026-10-09T14:00,2,2026-08-31,none,
140120261008547874,9313,2026-10-09T14:00,3,2026-08-31,none,
140120261007547358,8127,2026-10-09T14:00,4,2026-08-31,none,
140120261006546579,9835,2026-10-09T13:00,2,2026-08-31,none,
140120261008548252,3048,2026-10-09T12:00,4,2026-08-31,none,
140120261008547659,4440,2026-10-09T12:00,4,2026-08-31,none,
140120261001544135,9381,2026-10-09T12:00,2,2026-08-31,none,
140120261008547947,8918,2026-10-08T16:00,1,2026-05-31,none,
140120261008547781,9861,2026-10-08T16:00,2,2026-08-31,none,
140120261007547469,7544,2026-10-08T16:00,2,2026-08-31,none,
140120261007547390,8125,2026-10-08T16:00,2,2026-08-31,none,
140120261007547258,9765,2026-10-08T16:00,1,2026-08-31,ok,"{""segments"": [{""name"": ""建設コンサルタント業務 地理空間情報業務"", ""orders"": 1172906000.0, ""orders_prior"": null, ""orders_fy"": null, ""backlog"": 2352430000.0, ""backlog_prior"": null, ""backlog_fy"": null, ""orders_yoy"": -26.7, ""backlog_yoy"": -10.6}, {""name"": ""環境業務"", ""orders"": 314329000.0, ""orders_prior"": null, ""orders_fy"": null, ""backlog"": 739653000.0, ""backlog_prior"": null, ""backlog_fy"": null, ""orders_yoy"": 21.4, ""backlog_yoy"": -6.0}, {""name"": ""まちづくり業務"", ""orders"": 2231755000.0, ""orders_prior"": null, ""orders_fy"": null, ""backlog"": 5097501000.0, ""backlog_prior"": null, ""backlog_fy"": null, ""orders_yoy"": -3.5, ""backlog_yoy"": -10.0}, {""name"": ""設計業務"", ""orders"": 1611161000.0, ""orders_prior"": null, ""orders_fy"": null, ""backlog"": 2308763000.0, ""backlog_prior"": null, ""backlog_fy"": null, ""orders_yoy"": -17.4, ""backlog_yoy"": -23.7}, {""name"": ""事業ソリューション業務"", ""orders"": 601471000.0, ""orders_prior"": null, ""orders_fy"": null, ""backlog"": 1902930000.0, ""backlog_prior"": null, ""backlog_fy"": null, ""orders_yoy"": 148.3, ""backlog_yoy"": 147.8}], ""total"": {""name"": ""合計"", ""orders"": 5931623000.0, ""orders_prior"": null, ""orders_fy"": null, ""backlog"": 12401279000.0, ""backlog_prior"": null, ""backlog_fy"": null, ""orders_yoy"": -6.8, ""backlog_yoy"": -3.7}}"
140120261006546736,3907,2026-10-08T16:00,3,2026-08-31,none,
140120261008547647,9983,2026-10-08T15:31,4,2026-08-31,none,
140120261008547872,4728,2026-10-08T15:30,4,2026-08-31,none,
140120261008547741,3490,2026-10-08T15:30,2,2026-08-31,none,
140120261007547547,4825,2026-10-08T15:30,1,2026-08-31,none,
140120261007547481,6323,2026-10-08T15:30,2,2026-08-31,ok,"{""segments"": [{""name"": ""半導体関連装置"", ""orders"": 120540000000.0, ""orders_prior"": null, ""orders_fy"": null, ""backlog"": 103863000000.0, ""backlog_prior"": null, ""backlog_fy"": null, ""orders_yoy"": 156.4, ""backlog_yoy"": 129.8}, {""name"": ""分析装置"", ""orders"": 3712000000.0, ""orders_prior"": null, ""orders_fy"": null, ""backlog"": 5604000000.0, ""backlog_prior"": null, ""backlog_fy"": null, ""orders_yoy"": 194.4, ""backlog_yoy"": 66.5}, {""name"": ""ＦＰＤ関連装置"", ""orders"": 3386000000.0, ""orders_prior"": null, ""orders_fy"": null, ""backlog"": 1127000000.0, ""backlog_prior"": null, ""backlog_fy"": null, ""orders_yoy"": 106.5, ""backlog_yoy"": 15.6}, {""name"": ""ライフサイエンス事業"", ""orders"": 907000000.0, ""orders_prior"": null, ""orders_fy"": null, ""backlog"": 889000000.0, ""backlog_prior"": null, ""backlog_fy"": null, ""orders_yoy"": 127.9, ""backlog_yoy"": 275.2}], ""total"": {""name"": ""合計"", ""orders"": 128546000000.0, ""orders_prior"": null, ""orders_fy"": null, ""backlog"": 111485000000.0, ""backlog_prior"": null, ""backlog_fy"": null, ""orders_yoy"": 155.5, ""backlog_yoy"": 124.0}}"
140120261007547464,9716,2026-10-08T15:30,2,2026-08-31,ok,"{""segments"": [{""name"": ""専門店市場"", ""orders"": 23985000000.0, ""orders_prior"": 20369000000.0, ""orders_fy"": null, ""backlog"": 17119000000.0, ""backlog_prior"": 13628000000.0, ""backlog_fy"": null, ""orders_yoy"": 17.8, ""backlog_yoy"": 25.6}, {""name"": ""百貨店・量販店市場"", ""orders"": 1379000000.0, ""orders_prior"": 2042000000.0, ""orders_fy"": null, ""backlog"": 408000000.0, ""backlog_prior"": 1219000000.0, ""backlog_fy"": null, ""orders_yoy"": -32.5, ""backlog_yoy"": -66.5}, {""name"": ""複合商業施設市場"", ""orders"": 5638000000.0, ""orders_prior"": 5048000000.0, ""orders_fy"": null, ""backlog"": 9374000000.0, ""backlog_prior"": 7170000000.0, ""backlog_fy"": null, ""orders_yoy"": 11.7, ""backlog_yoy"": 30.7}, {""name"": ""広報・販売促進市場"", ""orders"": 12466000000.0, ""orders_prior"": 8349000000.0, ""orders_fy"": null, ""backlog"": 8788000000.0, ""backlog_prior"": 7001000000.0, ""backlog_fy"": null, ""orders_yoy"": 49.3, ""backlog_yoy"": 25.5}, {""name"": ""博物館・美術館市場"", ""orders"": 6875000000.0, ""orders_prior"": 5932000000.0, ""orders_fy"": null, ""backlog"": 6948000000.0, ""backlog_prior"": 6052000000.0, ""backlog_fy"": null, ""orders_yoy"": 15.9, ""backlog_yoy"": 14.8}, {""name"": ""余暇施設市場"", ""orders"": 15370000000.0, ""orders_prior"": 9734000000.0, ""orders_fy"": null, ""backlog"": 22316000000.0, ""backlog_prior"": 13600000000.0, ""backlog_fy"": null, ""orders_yoy"": 57.9, ""backlog_yoy"": 64.1}, {""name"": ""博覧会・イベント市場"", ""orders"": 6637000000.0, ""orders_prior"": 6413000000.0, ""orders_fy"": null, ""backlog"": 5738000000.0, ""backlog_prior"": 3083000000.0, ""backlog_fy"": null, ""orders_yoy"": 3.5, ""backlog_yoy"": 86.1}, {""name"": ""その他市場"", ""orders"": 19617000000.0, ""orders_prior"": 18055000000.0, ""orders_fy"": null, ""backlog"": 18149000000.0, ""backlog_prior"": 12463000000.0, ""backlog_fy"": null, ""orders_yoy"": 8.7, ""backlog_yoy"": 45.6}], ""total"": {""name"": ""合計"", ""orders"": 91971000000.0, ""orders_prior"": 75945000000.0, ""orders_fy"": null, ""backlog"": 88844000000.0, ""backlog_prior"": 64220000000.0, ""backlog_fy"": null, ""orders_yoy"": 21.1, ""backlog_yoy"": 38.3}}"
140120261007547463,9946,2026-10-08T15:30,2,2026-08-31,none,
140120261007547460,3382,2026-10-08T15:30,2,2026-08-31,none,
140120261007547260,8016,2026-10-08T15:30,2,2026-08-31,none,
140120261007547248,9414,2026-10-08T15:30,4,2026-08-31,none,
140120261007547180,9720,2026-10-08T15:30,3,2026-08-31,none,
140120261007547084,4361,2026-10-08T15:30,3,2026-08-31,none,
140120261007547023,9903,2026-10-08T15:30,2,2026-08-31,none,
140120261006546876,4763,2026-10-08T15:30,2,2026-08-31,none,
140120261006546386,2408,2026-10-08T15:30,3,2026-09-20,none,
140120261005546139,2809,2026-10-08T15:30,3,2026-08-31,none,
140120260929541858,7487,2026-10-08T15:30,1,2026-08-31,none,
140120260929541653,7649,2026-10-08T15:30,2,2026-08-31,none,
140120260925540271,3824,2026-10-08T15:30,1,2026-08-31,none,
140120260924539741,7513,2026-10-08T15:30,4,2026-08-31,none,
140120260924539705,2341,2026-10-08T15:30,2,2026-08-31,none,
140120261007547428,8278,2026-10-08T15:00,2,2026-08-31,none,
140120260923539078,8203,2026-10-08T15:00,2,2026-08-31,none,
140120261007547290,4995,2026-10-08T14:00,3,2026-08-31,none,
140120261006546678,2303,2026-10-08T14:00,1,2026-08-31,none,
140120261001544866,8194,2026-10-08T11:30,2,2026-08-31,none,
140120261007547344,428A,2026-10-07T16:00,4,2026-08-31,none,
140120261006546499,6407,2026-10-07T16:00,1,2026-06-30,ok,"{""segments"": [], ""total"": {""name"": ""自動機械部門"", ""orders"": 3683000000.0, ""orders_prior"": null, ""orders_fy"": null, ""backlog"": 17260000000.0, ""backlog_prior"": null, ""backlog_fy"": null, ""orders_yoy"": -20.3, ""backlog_yoy"": 2.0}}"
140120261007547128,6255,2026-10-07T15:30,4,2026-08-31,ok,"{""segments"": [], ""total"": {""name"": ""装置関連事業"", ""orders"": 6509635000.0, ""orders_prior"": null, ""orders_fy"": null, ""backlog"": 7421979000.0, ""backlog_prior"": null, ""backlog_fy"": null, ""orders_yoy"": -17.8, ""backlog_yoy"": 10.4}}"
140120261007547046,6093,2026-10-07T15:30,2,2026-08-31,none,
140120261006546861,2918,2026-10-07T15:30,2,2026-08-31,none,
140120261006546823,2670,2026-10-07T15:30,2,2026-08-31,none,
140120261006546807,3391,2026-10-07T15:30,2,2026-08-31,none,
140120261006546368,9846,2026-10-07T15:30,2,2026-08-31,none,
140120261006546363,5932,2026-10-07T15:30,1,2026-08-31,none,
140120261002545176,8166,2026-10-07T15:30,2,2026-08-31,none,
140120261005546285,2734,2026-10-06T16:30,3,2026-08-31,none,
140120261005546296,9444,2026-10-06T16:00,,,none,
140120261002545584,6469,2026-10-06T16:00,2,2026-08-31,none,
140120261006546607,5243,2026-10-06T15:30,3,2026-08-31,none,
140120261006546338,3396,2026-10-06T15:30,2,2026-08-31,none,
140120261005546065,2726,2026-10-06T15:30,2,2026-08-31,none,
140120261002544993,6496,2026-10-06T15:30,1,2026-08-31,none,
140120260930543256,1377,2026-10-06T15:30,1,2026-08-31,none,
140120261005545888,2659,2026-10-06T15:00,2,2026-08-31,none,
140120261006546359,8011,2026-10-06T11:00,2,2026-08-31,none,
140120261002545592,4390,2026-10-05T17:05,1,2026-06-30,none,
140120261005545900,9558,2026-10-05T15:30,3,2026-08-31,none,
140120261005545816,7630,2026-10-05T15:30,2,2026-08-31,none,
140120261003544976,9793,2026-10-05T15:30,2,2026-08-31,none,
140120261002545556,3498,2026-10-05T15:30,4,2026-08-31,none,
140120261002545520,3148,2026-10-05T15:30,1,2026-08-31,none,
140120261002545509,6474,2026-10-05T15:30,3,2026-08-31,none,
140120261002545461,3186,2026-10-05T15:30,3,2026-08-31,none,
140120261002545369,2789,2026-10-05T15:30,2,2026-08-31,none,
140120261001544846,3612,2026-10-05T15:30,2,2026-08-31,none,
140120260925540070,7679,2026-10-05T15:30,2,2026-08-31,none,
140120260908533161,3377,2026-10-05T15:30,3,2026-08-31,none,
140120261005545693,8923,2026-10-05T14:30,3,2026-08-31,none,
140120261005545843,2300,2026-10-05T14:00,2,2026-08-31,none,
140120261001544712,1376,2026-10-05T13:00,1,2026-08-31,none,
140120260926540626,2753,2026-10-05T09:00,2,2026-09-30,none,
140120261002545339,9872,2026-10-02T16:00,3,2026-08-20,none,
140120261002545289,4475,2026-10-02T16:00,3,2026-06-30,none,
140120261001544680,6279,2026-10-02T16:00,2,2026-08-20,ok,"{""segments"": [{""name"": ""生理用ナプキン製造機械"", ""orders"": 909129000.0, ""orders_prior"": 1491702000.0, ""orders_fy"": null, ""backlog"": 1525930000.0, ""backlog_prior"": 1561906000.0, ""backlog_fy"": null, ""orders_yoy"": -39.1, ""backlog_yoy"": -2.3}, {""name"": ""小児用紙おむつ製造機械"", ""orders"": 992788000.0, ""orders_prior"": 1901213000.0, ""orders_fy"": null, ""backlog"": 5732207000.0, ""backlog_prior"": 4949625000.0, ""backlog_fy"": null, ""orders_yoy"": -47.8, ""backlog_yoy"": 15.8}, {""name"": ""大人用紙おむつ製造機械"", ""orders"": 7988897000.0, ""orders_prior"": 4814356000.0, ""orders_fy"": null, ""backlog"": 10131104000.0, ""backlog_prior"": 6533266000.0, ""backlog_fy"": null, ""orders_yoy"": 65.9, ""backlog_yoy"": 55.1}, {""name"": ""その他機械"", ""orders"": 261175000.0, ""orders_prior"": 155675000.0, ""orders_fy"": null, ""backlog"": 1133892000.0, ""backlog_prior"": 813446000.0, ""backlog_fy"": null, ""orders_yoy"": 67.8, ""backlog_yoy"": 39.4}, {""name"": ""部品"", ""orders"": 1179739000.0, ""orders_prior"": 1024928000.0, ""orders_fy"": null, ""backlog"": null, ""backlog_prior"": null, ""backlog_fy"": null, ""orders_yoy"": 15.1, ""backlog_yoy"": null}, {""name"": ""コットンスパンレース"", ""orders"": 2345300000.0, ""orders_prior"": 47121000.0, ""orders_fy"": null, ""backlog"": 255459000.0, ""backlog_prior"": null, ""backlog_fy"": null, ""orders_yoy"": 4877.2, ""backlog_yoy"": null}, {""name"": ""その他"", ""orders"": 152558000.0, ""orders_prior"": 144370000.0, ""orders_fy"": null, ""backlog"": null, ""backlog_prior"": null, ""backlog_fy"": null, ""orders_yoy"": 5.7, ""backlog_yoy"": null}], ""total"": {""name"": ""合計"", ""orders"": 13829589000.0, ""orders_prior"": 9579367000.0, ""orders_fy"": null, ""backlog"": 18778593000.0, ""backlog_prior"": 13858244000.0, ""backlog_fy"": null, ""orders_yoy"": 44.4, ""backlog_yoy"": 35.5}}"
140120260903531293,5076,2026-10-02T16:00,1,2026-06-30,none,
140120261002545403,6664,2026-10-02T15:30,3,2026-08-31,none,
140120261002545223,3321,2026-10-02T15:30,1,2026-08-31,none,
140120261002545115,7870,2026-10-02T15:30,4,2026-08-20,none,
140120261002545036,8931,2026-10-02T15:30,2,2026-08-31,none,
140120261002545010,7975,2026-10-02T15:30,2,2026-08-31,none,
140120261001544930,275A,2026-10-02T15:30,2,2026-08-20,none,
140120260930543358,4394,2026-10-02T15:30,3,2026-08-31,none,
140120260928540855,7965,2026-10-02T15:30,3,2026-08-20,none,
140120261002545200,7611,2026-10-02T15:00,2,2026-08-31,none,
140120260923539086,3035,2026-10-02T14:00,4,2026-08-20,none,
140120261001544401,2493,2026-10-01T15:30,3,2026-08-31,none,
140120260930543766,7447,2026-10-01T15:30,4,2026-08-31,none,
140120260930543566,3549,2026-10-01T15:30,1,2026-08-20,none,
140120260928541537,7545,2026-10-01T15:30,2,2026-08-20,none,
140120260930543301,5942,2026-10-01T14:00,3,2026-08-31,none,
140120260930542868,8276,2026-10-01T13:30,2,2026-08-20,none,
140120260930543649,4069,2026-09-30T18:00,4,2026-03-31,none,
140120260929542371,9369,2026-09-30T17:00,3,2026-08-31,none,
140120260930543478,6594,2026-09-30T16:30,4,2026-03-31,none,
140120260929542486,6594,2026-09-30T16:30,3,2025-12-31,none,
140120260929542433,6908,2026-09-30T16:00,4,2026-03-31,none,
140120260929542301,9265,2026-09-30T16:00,1,2026-08-31,none,
140120260929541700,2354,2026-09-30T16:00,2,2026-08-31,none,
140120260930542803,2935,2026-09-30T15:50,2,2026-08-31,none,
140120260929542483,192A,2026-09-30T15:30,1,2026-08-31,none,
140120260929542396,3089,2026-09-30T15:30,3,2026-08-31,ok,"{""segments"": [{""name"": ""エレクトロニクス事業"", ""orders"": 2366000000.0, ""orders_prior"": null, ""orders_fy"": null, ""backlog"": 1748401000.0, ""backlog_prior"": null, ""backlog_fy"": null, ""orders_yoy"": -16.8, ""backlog_yoy"": -21.1}, {""name"": ""マリン・環境機器事業"", ""orders"": 180673000.0, ""orders_prior"": null, ""orders_fy"": null, ""backlog"": 317612000.0, ""backlog_prior"": null, ""backlog_fy"": null, ""orders_yoy"": -30.1, ""backlog_yoy"": -35.8}, {""name"": ""ＳＩ事業"", ""orders"": 978533000.0, ""orders_prior"": null, ""orders_fy"": null, ""backlog"": 492921000.0, ""backlog_prior"": null, ""backlog_fy"": null, ""orders_yoy"": 101.1, ""backlog_yoy"": 161.2}, {""name"": ""サイエンス事業"", ""orders"": 203802000.0, ""orders_prior"": null, ""orders_fy"": null, ""backlog"": 128400000.0, ""backlog_prior"": null, ""backlog_fy"": null, ""orders_yoy"": 47.4, ""backlog_yoy"": 192.2}], ""total"": {""name"": ""合計"", ""orders"": 3729009000.0, ""orders_prior"": null, ""orders_fy"": null, ""backlog"": 2687336000.0, ""backlog_prior"": null, ""backlog_fy"": null, ""orders_yoy"": 0.0, ""backlog_yoy"": -8.7}}"
140120260929542307,2685,2026-09-30T15:30,2,2026-08-31,none,
140120260929542224,9651,2026-09-30T15:30,1,2026-08-31,none,
140120260929541752,7915,2026-09-30T15:30,2,2026-06-30,none,
140120260928541539,2975,2026-09-30T15:30,3,2026-08-31,none,
140120260928540983,6083,2026-09-30T15:30,1,2026-08-31,none,
140120260925540585,7485,2026-09-30T11:30,2,2026-08-31,none,
140120260928541531,3038,2026-09-29T16:30,3,2026-07-31,none,
140120260928541390,9976,2026-09-29T16:00,2,2026-08-20,none,
140120260929541758,7068,2026-09-29T15:30,1,2026-08-31,none,
140120260929541616,3050,2026-09-29T15:30,2,2026-08-31,none,
140120260928541154,9253,2026-09-29T15:30,2,2026-08-31,none,
140120260928540923,2792,2026-09-29T15:30,1,2026-08-31,none,
140120260928541251,3607,2026-09-29T15:00,4,2026-08-31,none,
140120260928540809,7921,2026-09-29T15:00,1,2026-08-31,none,
140120260925540554,8217,2026-09-29T13:00,2,2026-08-20,none,
140120260925540547,1723,2026-09-28T16:00,1,2026-06-30,none,
140120260917537930,7624,2026-09-28T16:00,2,2026-08-31,none,
140120260927540636,8227,2026-09-28T15:30,2,2026-08-20,none,
140120260925540241,4465,2026-09-25T15:30,1,2026-08-31,none,
140120260925539958,2742,2026-09-25T15:30,2,2026-08-31,none,
140120260924539807,2778,2026-09-25T15:30,2,2026-08-20,none,
140120260925540214,3333,2026-09-25T13:00,2,2026-08-20,none,
140120260923539060,7227,2026-09-24T15:30,3,2026-08-31,none,
140120260918538541,3160,2026-09-24T15:30,1,2026-08-31,none,
140120260916537545,4716,2026-09-24T15:30,1,2026-08-31,none,
140120260916536983,9444,2026-09-24T14:00,,,none,
140120260918538569,3544,2026-09-18T15:30,1,2026-08-15,none,
140120260917538268,8798,2026-09-18T15:30,3,2026-06-30,none,
140120260917537642,6905,2026-09-18T11:30,1,2026-08-20,ok,"{""segments"": [{""name"": ""ユニット電源"", ""orders"": 7357000000.0, ""orders_prior"": null, ""orders_fy"": null, ""backlog"": 8172000000.0, ""backlog_prior"": null, ""backlog_fy"": null, ""orders_yoy"": 219.2, ""backlog_yoy"": 144.3}, {""name"": ""オンボード電源"", ""orders"": 3245000000.0, ""orders_prior"": null, ""orders_fy"": null, ""backlog"": 4267000000.0, ""backlog_prior"": null, ""backlog_fy"": null, ""orders_yoy"": 135.3, ""backlog_yoy"": 156.2}, {""name"": ""ノイズフィルタ"", ""orders"": 747000000.0, ""orders_prior"": null, ""orders_fy"": null, ""backlog"": 716000000.0, ""backlog_prior"": null, ""backlog_fy"": null, ""orders_yoy"": 191.2, ""backlog_yoy"": 257.5}, {""name"": ""ＰＲＢＸ製品 (※２)"", ""orders"": 1650000000.0, ""orders_prior"": null, ""orders_fy"": null, ""backlog"": 4741000000.0, ""backlog_prior"": null, ""backlog_fy"": null, ""orders_yoy"": 42.4, ""backlog_yoy"": 18.4}], ""total"": {""name"": ""合計"", ""orders"": 13001000000.0, ""orders_prior"": null, ""orders_fy"": null, ""backlog"": 17898000000.0, ""backlog_prior"": null, ""backlog_fy"": null, ""orders_yoy"": 154.9, ""backlog_yoy"": 94.2}}"
140120260916537124,2796,2026-09-17T16:30,1,2026-08-31,none,
140120260917537870,4923,2026-09-17T16:00,1,2026-06-30,none,
140120260915536496,2678,2026-09-15T15:30,1,2026-08-20,none,
140120260914536149,4380,2026-09-14T18:00,2,2026-07-31,none,
140120260914535444,4446,2026-09-14T16:50,4,2026-07-31,none,
140120260914536133,2345,2026-09-14T16:30,3,2026-07-31,none,
140120260914536090,6838,2026-09-14T16:30,3,2026-07-31,none,
140120260914535786,3823,2026-09-14T16:30,1,2026-07-31,none,
140120260914535894,9237,2026-09-14T16:00,3,2026-07-31,none,
140120260914535890,3931,2026-09-14T16:00,2,2026-07-31,none,
140120260914535886,500A,2026-09-14T16:00,1,2026-07-31,none,
140120260914535798,184A,2026-09-14T16:00,1,2026-07-31,none,
140120260914535739,4431,2026-09-14T16:00,1,2026-07-31,none,
140120260914535709,3657,2026-09-14T16:00,2,2026-07-31,none,
140120260914535644,3169,2026-09-14T16:00,2,2026-07-31,none,
140120260914535612,212A,2026-09-14T16:00,3,2026-07-31,none,
140120260914535513,3441,2026-09-14T16:00,4,2026-07-31,none,
140120260911535327,9425,2026-09-14T16:00,3,2026-07-31,none,
140120260911535269,7050,2026-09-14T16:00,1,2026-07-31,none,
140120260910534266,6309,2026-09-14T16:00,3,2026-07-31,none,
140120260910534084,3955,2026-09-14T16:00,2,2026-07-31,none,
140120260912535385,2424,2026-09-14T15:50,4,2026-07-31,none,
140120260911535184,278A,2026-09-14T15:45,2,2026-07-31,none,
140120260911534911,2391,2026-09-14T15:40,4,2026-07-31,none,
140120260914536087,9235,2026-09-14T15:30,4,2026-07-31,none,
140120260914536025,4053,2026-09-14T15:30,2,2026-06-30,none,
140120260914536019,324A,2026-09-14T15:30,1,2026-07-31,none,
140120260914535909,2997,2026-09-14T15:30,2,2026-07-31,none,
140120260914535883,1383,2026-09-14T15:30,3,2026-07-31,none,
140120260914535874,218A,2026-09-14T15:30,4,2026-07-31,none,
140120260914535856,1444,2026-09-14T15:30,4,2026-07-31,none,
140120260914535832,7683,2026-09-14T15:30,2,2026-07-31,none,
140120260914535826,4592,2026-09-14T15:30,2,2026-07-31,none,
140120260914535796,2978,2026-09-14T15:30,4,2026-07-31,none,
140120260914535793,1840,2026-09-14T15:30,3,2026-07-31,ok,"{""segments"": [{""name"": ""住宅事業"", ""orders"": 11693150000.0, ""orders_prior"": 13138137000.0, ""orders_fy"": 16952940000.0, ""backlog"": 9304102000.0, ""backlog_prior"": 10111769000.0, ""backlog_fy"": 7260585000.0, ""orders_yoy"": -11.0, ""backlog_yoy"": -8.0}, {""name"": ""リフォーム事業"", ""orders"": 2200683000.0, ""orders_prior"": 2935435000.0, ""orders_fy"": 3793514000.0, ""backlog"": 1027560000.0, ""backlog_prior"": 1331086000.0, ""backlog_fy"": 621729000.0, ""orders_yoy"": -25.0, ""backlog_yoy"": -22.8}], ""total"": {""name"": ""合計"", ""orders"": 13893833000.0, ""orders_prior"": 16073572000.0, ""orders_fy"": 20746454000.0, ""backlog"": 10331662000.0, ""backlog_prior"": 11442855000.0, ""backlog_fy"": 7882314000.0, ""orders_yoy"": -13.6, ""backlog_yoy"": -9.7}}"
140120260914535792,7073,2026-09-14T15:30,2,2026-07-31,none,
140120260914535791,9240,2026-09-14T15:30,4,2026-07-31,none,
140120260914535783,3475,2026-09-14T15:30,3,2026-07-31,none,
140120260914535747,441A,2026-09-14T15:30,1,2026-07-31,none,
140120260914535710,4934,2026-09-14T15:30,4,2026-07-31,none,
140120260914535693,3134,2026-09-14T15:30,1,2026-07-31,none,
140120260914535676,3491,2026-09-14T15:30,3,2026-07-31,none,
140120260914535648,5136,2026-09-14T15:30,3,2026-07-31,none,
140120260914535572,4936,2026-09-14T15:30,4,2026-07-31,none,
140120260914535568,9251,2026-09-14T15:30,3,2026-07-31,none,
140120260914535558,2315,2026-09-14T15:30,3,2026-07-31,none,
140120260914535543,9627,2026-09-14T15:30,1,2026-07-31,none,
140120260914535540,5888,2026-09-14T15:30,2,2026-07-31,none,
140120260914535531,3415,2026-09-14T15:30,2,2026-07-31,none,
140120260914535483,604A,2026-09-14T15:30,4,2026-07-31,none,
140120260913535406,442A,2026-09-14T15:30,3,2026-07-31,none,
140120260911535365,391A,2026-09-14T15:30,1,2026-07-31,none,
140120260911535349,3565,2026-09-14T15:30,2,2026-07-31,none,
140120260911535241,5075,2026-09-14T15:30,2,2026-07-31,none,
140120260911535236,7034,2026-09-14T15:30,3,2026-07-31,none,
140120260911535134,168A,2026-09-14T15:30,2,2026-07-31,none,
140120260911535133,9279,2026-09-14T15:30,3,2026-07-31,none,
140120260911535126,4174,2026-09-14T15:30,2,2026-07-31,none,
140120260911535075,7827,2026-09-14T15:30,3,2026-07-31,none,
140120260911535000,8927,2026-09-14T15:30,4,2026-07-31,none,
140120260911534871,7614,2026-09-14T15:30,2,2026-07-31,none,
140120260911534854,7110,2026-09-14T15:30,4,2026-07-31,none,
140120260910534391,6387,2026-09-14T15:30,4,2026-07-31,ok,"{""segments"": [{""name"": ""ＣＶＤ装置"", ""orders"": 3245926000.0, ""orders_prior"": 1284576000.0, ""orders_fy"": null, ""backlog"": 2639836000.0, ""backlog_prior"": 834046000.0, ""backlog_fy"": null, ""orders_yoy"": 152.7, ""backlog_yoy"": 216.5}, {""name"": ""エッチング装置"", ""orders"": 10360728000.0, ""orders_prior"": 5718560000.0, ""orders_fy"": null, ""backlog"": 7099262000.0, ""backlog_prior"": 3743102000.0, ""backlog_fy"": null, ""orders_yoy"": 81.2, ""backlog_yoy"": 89.7}, {""name"": ""洗浄装置"", ""orders"": 1444761000.0, ""orders_prior"": 788315000.0, ""orders_fy"": null, ""backlog"": 817540000.0, ""backlog_prior"": 205125000.0, ""backlog_fy"": null, ""orders_yoy"": 83.3, ""backlog_yoy"": 298.6}, {""name"": ""部品・メンテナンス"", ""orders"": 2082221000.0, ""orders_prior"": 1313144000.0, ""orders_fy"": null, ""backlog"": 900826000.0, ""backlog_prior"": 342021000.0, ""backlog_fy"": null, ""orders_yoy"": 58.6, ""backlog_yoy"": 163.4}], ""total"": {""name"": ""合計"", ""orders"": 17133637000.0, ""orders_prior"": 9104596000.0, ""orders_fy"": null, ""backlog"": 11457465000.0, ""backlog_prior"": 5124295000.0, ""backlog_fy"": null, ""orders_yoy"": 88.2, ""backlog_yoy"": 123.6}}"
140120260909533757,3804,2026-09-14T15:30,3,2026-07-31,none,
140120260909533384,556A,2026-09-14T15:30,1,2026-07-31,none,
140120260908533240,2301,2026-09-14T15:30,3,2026-07-31,none,
140120260827527053,7901,2026-09-14T15:30,1,2026-07-31,ok,"{""segments"": [{""name"": ""学校アルバム"", ""orders"": 183454000.0, ""orders_prior"": 172827000.0, ""orders_fy"": 1708250000.0, ""backlog"": 79706000.0, ""backlog_prior"": 69679000.0, ""backlog_fy"": 159313000.0, ""orders_yoy"": 6.1, ""backlog_yoy"": 14.4}, {""name"": ""一般商業印刷"", ""orders"": 119995000.0, ""orders_prior"": 112444000.0, ""orders_fy"": 405527000.0, ""backlog"": 10640000.0, ""backlog_prior"": 12460000.0, ""backlog_fy"": 8120000.0, ""orders_yoy"": 6.7, ""backlog_yoy"": -14.6}], ""total"": {""name"": ""合 計"", ""orders"": 303449000.0, ""orders_prior"": 285272000.0, ""orders_fy"": 2113808000.0, ""backlog"": 90346000.0, ""backlog_prior"": 82139000.0, ""backlog_fy"": 167433000.0, ""orders_yoy"": 6.4, ""backlog_yoy"": 10.0}}"
140120260825525742,6037,2026-09-14T15:30,4,2026-07-31,none,
140120260911534673,7810,2026-09-14T15:04,4,2026-07-31,none,
140120260914535683,3195,2026-09-14T15:00,3,2026-07-31,none,
140120260914535638,3419,2026-09-14T15:00,3,2026-07-31,none,
140120260914535614,5248,2026-09-14T15:00,2,2026-07-31,none,
140120260911535364,3665,2026-09-14T15:00,2,2026-07-31,none,
140120260910534509,2776,2026-09-14T15:00,2,2026-07-31,none,
140120260910534039,3418,2026-09-14T15:00,4,2026-07-31,none,
140120260907532274,3988,2026-09-14T15:00,4,2026-07-31,none,
140120260812518510,6497,2026-09-14T14:00,2,2026-06-30,none,
140120260914535674,7604,2026-09-14T13:00,1,2026-07-31,none,
140120260908533058,460A,2026-09-11T17:00,3,2026-07-31,none,
140120260909533773,3161,2026-09-11T16:30,1,2026-07-31,none,
140120260911535119,186A,2026-09-11T16:00,1,2026-07-31,ok,"{""segments"": [], ""total"": {""name"": ""合 計"", ""orders"": 224841000.0, ""orders_prior"": null, ""orders_fy"": null, ""backlog"": 25851354000.0, ""backlog_prior"": null, ""backlog_fy"": 27435451000.0, ""orders_yoy"": null, ""backlog_yoy"": null}}"
140120260911535098,3121,2026-09-11T16:00,3,2026-07-31,none,
140120260911535038,3361,2026-09-11T16:00,1,2026-07-31,none,
140120260911534937,4378,2026-09-11T16:00,3,2026-07-31,none,
140120260911534917,3539,2026-09-11T16:00,4,2026-07-31,none,
140120260911534873,6898,2026-09-11T16:00,2,2026-07-31,none,
140120260911534864,5131,2026-09-11T16:00,4,2026-07-31,none,
140120260911534857,3399,2026-09-11T16:00,2,2026-07-31,none,
140120260911534851,1766,2026-09-11T16:00,1,2026-07-31,ok,"{""segments"": [], ""total"": {""name"": ""合計"", ""orders"": 59267000000.0, ""orders_prior"": 50163000000.0, ""orders_fy"": 218759000000.0, ""backlog"": 290703000000.0, ""backlog_prior"": 238418000000.0, ""backlog_fy"": 271083000000.0, ""orders_yoy"": 18.1, ""backlog_yoy"": 21.9}}"
140120260911534804,7674,2026-09-11T16:00,2,2026-07-31,none,
140120260911534701,5079,2026-09-11T16:00,1,2026-07-31,ok,"{""segments"": [{""name"": ""土木工事事業"", ""orders"": 540461000.0, ""orders_prior"": 2032398000.0, ""orders_fy"": null, ""backlog"": null, ""backlog_prior"": null, ""backlog_fy"": null, ""orders_yoy"": -73.4, ""backlog_yoy"": null}, {""name"": ""建築工事事業"", ""orders"": 10474558000.0, ""orders_prior"": 1508497000.0, ""orders_fy"": null, ""backlog"": null, ""backlog_prior"": null, ""backlog_fy"": null, ""orders_yoy"": 594.4, ""backlog_yoy"": null}], ""total"": {""name"": ""計"", ""orders"": 11015019000.0, ""orders_prior"": 3540895000.0, ""orders_fy"": null, ""backlog"": null, ""backlog_prior"": null, ""backlog_fy"": null, ""orders_yoy"": 211.1, ""backlog_yoy"": null}}"
140120260910534599,456A,2026-09-11T16:00,2,2026-07-31,none,
140120260910534570,5572,2026-09-11T16:00,4,2026-07-31,none,
140120260910534357,9262,2026-09-11T16:00,4,2026-07-31,none,
140120260910534126,7850,2026-09-11T16:00,4,2026-07-31,none,
140120260902530581,1844,2026-09-11T16:00,4,2026-07-31,none,
140120260831529125,3524,2026-09-11T16:00,1,2026-07-31,none,
140120260727599785,6091,2026-09-11T16:00,4,2026-07-31,ok,"{""segments"": [{""name"": ""総合建設コンサルタント事業"", ""orders"": 15068246000.0, ""orders_prior"": null, ""orders_fy"": null, ""backlog"": 8656889000.0, ""backlog_prior"": null, ""backlog_fy"": null, ""orders_yoy"": 9.3, ""backlog_yoy"": 11.0}, {""name"": ""その他"", ""orders"": 259913000.0, ""orders_prior"": null, ""orders_fy"": null, ""backlog"": null, ""backlog_prior"": null, ""backlog_fy"": null, ""orders_yoy"": -3.6, ""backlog_yoy"": null}], ""total"": {""name"": ""合計"", ""orders"": 15328160000.0, ""orders_prior"": null, ""orders_fy"": null, ""backlog"": 8656889000.0, ""backlog_prior"": null, ""backlog_fy"": null, ""orders_yoy"": 9.1, ""backlog_yoy"": 11.0}}"
140120260911534987,6040,2026-09-11T15:45,4,2026-07-31,none,
140120260909533707,3733,2026-09-11T15:45,3,2026-07-31,ok,"{""segments"": [{""name"": ""ソフトウェア"", ""orders"": 11628000000.0, ""orders_prior"": null, ""orders_fy"": null, ""backlog"": 9300000000.0, ""backlog_prior"": null, ""backlog_fy"": null, ""orders_yoy"": 12.7, ""backlog_yoy"": 46.0}, {""name"": ""ハードウェア"", ""orders"": 21620000000.0, ""orders_prior"": null, ""orders_fy"": null, ""backlog"": 15603000000.0, ""backlog_prior"": null, ""backlog_fy"": null, ""orders_yoy"": 15.9, ""backlog_yoy"": 15.8}, {""name"": ""その他"", ""orders"": 703000000.0, ""orders_prior"": null, ""orders_fy"": null, ""backlog"": 311000000.0, ""backlog_prior"": null, ""backlog_fy"": null, ""orders_yoy"": -26.4, ""backlog_yoy"": -14.3}], ""total"": {""name"": ""合計"", ""orders"": 33952000000.0, ""orders_prior"": null, ""orders_fy"": null, ""backlog"": 25215000000.0, ""backlog_prior"": null, ""backlog_fy"": null, ""orders_yoy"": 13.4, ""backlog_yoy"": 24.8}}"
140120260908532700,3974,2026-09-11T15:35,3,2026-07-31,none,
140120260911535131,3193,2026-09-11T15:30,4,2026-07-31,none,
140120260911535129,9166,2026-09-11T15:30,2,2026-07-31,none,
140120260911535070,4813,2026-09-11T15:30,2,2026-07-31,none,
140120260911535058,6656,2026-09-11T15:30,1,2026-07-31,none,
140120260911535057,3159,2026-09-11T15:30,2,2026-07-31,none,
140120260911535034,3421,2026-09-11T15:30,4,2026-07-31,none,
140120260911535032,446A,2026-09-11T15:30,2,2026-07-31,none,
140120260911535031,3653,2026-09-11T15:30,3,2026-07-31,none,
140120260911534980,4175,2026-09-11T15:30,2,2026-07-31,none,
140120260911534968,4075,2026-09-11T15:30,4,2026-07-31,none,
140120260911534959,7058,2026-09-11T15:30,4,2026-07-31,none,
140120260911534916,3444,2026-09-11T15:30,1,2026-07-31,none,
140120260911534909,4382,2026-09-11T15:30,1,2026-07-31,none,
140120260911534862,5218,2026-09-11T15:30,3,2026-07-31,none,
140120260911534855,8142,2026-09-11T15:30,2,2026-07-31,none,
140120260911534845,6225,2026-09-11T15:30,4,2026-07-31,none,
140120260911534824,9603,2026-09-11T15:30,3,2026-07-31,none,
140120260911534797,7831,2026-09-11T15:30,3,2026-07-31,none,
140120260911534760,462A,2026-09-11T15:30,3,2026-07-31,none,
140120260911534757,7378,2026-09-11T15:30,3,2026-07-31,none,
140120260911534751,4287,2026-09-11T15:30,2,2026-07-31,none,
140120260911534724,7131,2026-09-11T15:30,3,2026-07-31,none,
140120260911534723,7878,2026-09-11T15:30,2,2026-07-31,none,
140120260911534635,9163,2026-09-11T15:30,3,2026-07-31,none,
140120260910534583,6267,2026-09-11T15:30,4,2026-07-31,none,
140120260910534569,2353,2026-09-11T15:30,4,2026-07-31,none,
140120260910534523,5889,2026-09-11T15:30,2,2026-07-31,none,
140120260910534399,9236,2026-09-11T15:30,3,2026-07-31,none,
140120260910534371,2695,2026-09-11T15:30,3,2026-07-31,none,
140120260910534293,7983,2026-09-11T15:30,3,2026-07-31,none,
140120260910534227,8077,2026-09-11T15:30,3,2026-07-31,none,
140120260910534185,7097,2026-09-11T15:30,4,2026-07-31,none,
140120260910534088,3038,2026-09-11T15:30,3,2026-07-31,none,
140120260910533962,9743,2026-09-11T15:30,2,2026-07-31,none,
140120260910533928,2217,2026-09-11T15:30,2,2026-07-31,none,
140120260909533817,5134,2026-09-11T15:30,3,2026-07-31,none,
140120260909533466,9242,2026-09-11T15:30,4,2026-07-31,none,
140120260909533393,6049,2026-09-11T15:30,3,2026-07-31,none,
140120260909533357,6757,2026-09-11T15:30,2,2026-07-31,none,
140120260907532764,7126,2026-09-11T15:30,4,2026-07-31,none,
140120260828528101,8013,2026-09-11T15:30,2,2026-07-31,none,
140120260828528001,2373,2026-09-11T15:30,3,2026-07-31,none,
140120260817522012,3320,2026-09-11T15:30,2,2026-07-31,none,
140120260910534591,8079,2026-09-11T15:00,3,2026-07-31,none,
140120260910534566,3903,2026-09-11T15:00,1,2026-07-31,none,
140120260910534370,4996,2026-09-11T15:00,3,2026-07-31,none,
140120260911534965,2991,2026-09-11T14:00,4,2026-07-31,none,
140120260911534744,6336,2026-09-11T14:00,2,2026-07-31,none,
140120260910534027,211A,2026-09-11T14:00,4,2026-07-31,none,
140120260909533854,2929,2026-09-11T13:30,4,2026-07-31,none,
140120260910534614,7692,2026-09-11T12:00,4,2026-07-31,none,
140120260910534559,3930,2026-09-11T12:00,4,2026-07-31,none,
140120260910534360,3921,2026-09-11T12:00,2,2026-07-31,none,
140120260911534621,9556,2026-09-11T11:30,4,2026-07-31,none,
140120260904531787,3070,2026-09-10T17:30,2,2026-07-31,none,
140120260910534044,7777,2026-09-10T16:00,1,2026-07-31,none,
140120260902530831,4334,2026-09-10T15:45,2,2026-07-31,none,
140120260907532528,5971,2026-09-10T15:40,1,2026-07-31,none,
140120260910534161,4014,2026-09-10T15:30,4,2026-07-31,none,
140120260910534136,6184,2026-09-10T15:30,2,2026-07-31,none,
140120260910534106,5031,2026-09-10T15:30,2,2026-07-31,none,
140120260910534061,215A,2026-09-10T15:30,1,2026-07-31,none,
140120260910534030,7095,2026-09-10T15:30,1,2026-07-31,none,
140120260910534019,4194,2026-09-10T15:30,4,2026-07-31,none,
140120260910534008,6778,2026-09-10T15:30,4,2026-07-31,none,
140120260910533996,4422,2026-09-10T15:30,4,2026-07-31,none,
140120260910533935,350A,2026-09-10T15:30,4,2026-07-31,none,
140120260910533907,1758,2026-09-10T15:30,2,2026-07-31,none,
140120260910533902,6619,2026-09-10T15:30,2,2026-07-31,none,
140120260909533860,7640,2026-09-10T15:30,3,2026-07-31,none,
140120260909533778,9692,2026-09-10T15:30,2,2026-07-31,ok,"{""segments"": [{""name"": ""インテグレーションセグメント"", ""orders"": 24262000000.0, ""orders_prior"": null, ""orders_fy"": null, ""backlog"": 15232000000.0, ""backlog_prior"": null, ""backlog_fy"": null, ""orders_yoy"": -21.7, ""backlog_yoy"": -23.3}, {""name"": ""コネクティッドセグメント"", ""orders"": 5999000000.0, ""orders_prior"": null, ""orders_fy"": null, ""backlog"": 2420000000.0, ""backlog_prior"": null, ""backlog_fy"": null, ""orders_yoy"": -0.9, ""backlog_yoy"": -0.4}, {""name"": ""ソリューションセグメント"", ""orders"": 8727000000.0, ""orders_prior"": null, ""orders_fy"": null, ""backlog"": 9208000000.0, ""backlog_prior"": null, ""backlog_fy"": null, ""orders_yoy"": 50.0, ""backlog_yoy"": 56.7}], ""total"": {""name"": ""合計"", ""orders"": 38989000000.0, ""orders_prior"": null, ""orders_fy"": null, ""backlog"": 26861000000.0, ""backlog_prior"": null, ""backlog_fy"": null, ""orders_yoy"": -9.0, ""backlog_yoy"": -4.7}}"
140120260909533754,2375,2026-09-10T15:30,3,2026-07-31,none,
140120260909533554,7682,2026-09-10T15:30,4,2026-07-31,none,
140120260909533539,2983,2026-09-10T15:30,2,2026-07-31,none,
140120260909533499,2923,2026-09-10T15:30,1,2026-07-31,none,
140120260909533433,3248,2026-09-10T15:30,3,2026-07-31,none,
140120260908533193,7196,2026-09-10T15:30,2,2026-07-31,none,
140120260824524929,3246,2026-09-10T15:30,2,2026-07-31,none,
140120260907532675,272A,2026-09-10T15:00,1,2026-07-31,none,
140120260826526490,2198,2026-09-10T15:00,3,2026-07-31,none,
140120260907532354,4026,2026-09-10T14:30,1,2026-07-31,none,
140120260904532167,6577,2026-09-10T14:30,4,2026-07-31,none,
140120260820523664,2163,2026-09-10T14:00,2,2026-07-31,none,
140120260909533811,6535,2026-09-10T12:10,4,2026-07-31,none,
140120260910534004,6696,2026-09-10T12:00,2,2026-07-31,none,
140120260909533772,1928,2026-09-10T12:00,2,2026-07-31,none,
140120260909533319,4441,2026-09-10T12:00,3,2026-07-31,none,
140120260908533265,7678,2026-09-09T16:03,2,2026-07-31,none,
140120260909533521,5132,2026-09-09T16:00,3,2026-07-31,none,
140120260909533366,4599,2026-09-09T16:00,4,2026-07-31,none,
140120260908533128,2751,2026-09-09T16:00,1,2026-07-31,none,
140120260909533607,1433,2026-09-09T15:30,2,2026-07-31,ok,"{""segments"": [], ""total"": {""name"": ""合計"", ""orders"": 6198960000.0, ""orders_prior"": 4186451000.0, ""orders_fy"": null, ""backlog"": 8851464000.0, ""backlog_prior"": 6447558000.0, ""backlog_fy"": null, ""orders_yoy"": 48.1, ""backlog_yoy"": 37.3}}"
140120260909533582,3180,2026-09-09T15:30,1,2026-07-31,none,
140120260909533416,5032,2026-09-09T15:30,1,2026-07-31,none,
140120260909533302,6966,2026-09-09T15:30,2,2026-07-31,none,
140120260908533045,7804,2026-09-09T15:30,3,2026-07-31,none,
140120260908532911,2294,2026-09-09T15:30,1,2026-07-31,none,
140120260907532701,7064,2026-09-09T15:30,2,2026-07-31,none,
140120260908532897,9632,2026-09-08T16:00,2,2026-07-31,none,
140120260828527776,7435,2026-09-08T15:40,1,2026-07-31,none,
140120260908533095,1436,2026-09-08T15:30,1,2026-07-31,none,
140120260907532703,4880,2026-09-08T15:30,3,2026-07-31,none,
140120260907532355,2438,2026-09-08T15:30,1,2026-07-31,none,
140120260904531677,9636,2026-09-08T15:30,2,2026-07-31,none,
140120260904532061,3071,2026-09-08T15:00,2,2026-07-31,none,
140120260908532943,4238,2026-09-08T14:46,2,2026-07-31,none,
