disclosure_id,code,ref_date,out_date,ret_pct
140120260904532061,3071,2026-09-07,2026-09-08,-6.54
140120260907532195,426A,2026-09-07,2026-09-08,-1.48
140120260908532925,3083,2026-09-07,2026-09-08,-0.96
140120260908532943,4238,2026-09-07,2026-09-08,-1.48
140120260825525973,2929,2026-09-08,2026-09-09,2.69
140120260828527776,7435,2026-09-08,2026-09-09,0.16
140120260904531677,9636,2026-09-08,2026-09-09,0.36
140120260907532355,2438,2026-09-08,2026-09-09,-6.0
140120260907532503,7475,2026-09-08,2026-09-09,20.0
140120260907532597,7475,2026-09-08,2026-09-09,20.0
140120260907532703,4880,2026-09-08,2026-09-09,-1.5
140120260908532897,9632,2026-09-08,2026-09-09,-1.41
140120260908533009,1436,2026-09-08,2026-09-09,-8.94
140120260908533022,4880,2026-09-08,2026-09-09,-1.5
140120260908533095,1436,2026-09-08,2026-09-09,-8.94
140120260820523664,2163,2026-09-09,2026-09-10,-2.5
140120260826526490,2198,2026-09-09,2026-09-10,-0.39
140120260902530567,4174,2026-09-09,2026-09-10,17.28
140120260904532167,6577,2026-09-09,2026-09-10,-20.28
140120260907532354,4026,2026-09-09,2026-09-10,-8.28
140120260907532701,7064,2026-09-09,2026-09-10,-6.07
140120260908532911,2294,2026-09-09,2026-09-10,-2.11
140120260908533045,7804,2026-09-09,2026-09-10,1.05
140120260908533128,2751,2026-09-09,2026-09-10,-2.4
140120260908533265,7678,2026-09-09,2026-09-10,-0.76
140120260909533159,3989,2026-09-09,2026-09-10,5.46
140120260909533302,6966,2026-09-09,2026-09-10,4.56
140120260909533319,4441,2026-09-09,2026-09-10,10.34
140120260909533366,4599,2026-09-09,2026-09-10,-25.08
140120260909533377,4026,2026-09-09,2026-09-10,-8.28
140120260909533416,5032,2026-09-09,2026-09-10,13.49
140120260909533477,6966,2026-09-09,2026-09-10,4.56
140120260909533521,5132,2026-09-09,2026-09-10,-8.25
140120260909533522,4374,2026-09-09,2026-09-10,5.77
140120260909533582,3180,2026-09-09,2026-09-10,0.0
140120260909533607,1433,2026-09-09,2026-09-10,-0.16
140120260909533636,1433,2026-09-09,2026-09-10,-0.16
140120260909533690,6191,2026-09-09,2026-09-10,19.4
140120260909533712,3105,2026-09-09,2026-09-10,-1.86
140120260909533772,1928,2026-09-09,2026-09-10,1.54
140120260909533796,4441,2026-09-09,2026-09-10,10.34
140120260909533811,6535,2026-09-09,2026-09-10,-5.26
140120260909533832,6535,2026-09-09,2026-09-10,-5.26
140120260910533927,6194,2026-09-09,2026-09-10,2.28
140120260910534004,6696,2026-09-09,2026-09-10,-5.99
140120260824524929,3246,2026-09-10,2026-09-11,1.02
140120260902530557,1844,2026-09-10,2026-09-11,-0.65
140120260902530831,4334,2026-09-10,2026-09-11,-2.81
140120260904531787,3070,2026-09-10,2026-09-11,-13.04
140120260907532528,5971,2026-09-10,2026-09-11,-3.33
140120260908533193,7196,2026-09-10,2026-09-11,-1.75
140120260909533433,3248,2026-09-10,2026-09-11,-0.23
140120260909533499,2923,2026-09-10,2026-09-11,-7.59
140120260909533539,2983,2026-09-10,2026-09-11,-4.03
140120260909533554,7682,2026-09-10,2026-09-11,0.77
140120260909533562,2983,2026-09-10,2026-09-11,-4.03
140120260909533565,2983,2026-09-10,2026-09-11,-4.03
140120260909533613,6336,2026-09-10,2026-09-11,-18.45
140120260909533629,2923,2026-09-10,2026-09-11,-7.59
140120260909533754,2375,2026-09-10,2026-09-11,-14.1
140120260909533778,9692,2026-09-10,2026-09-11,-7.51
140120260909533783,172A,2026-09-10,2026-09-11,0.0
140120260909533854,2929,2026-09-10,2026-09-11,11.25
140120260909533860,7640,2026-09-10,2026-09-11,-4.12
140120260909533864,4051,2026-09-10,2026-09-11,0.34
140120260910533902,6619,2026-09-10,2026-09-11,-8.59
140120260910533907,1758,2026-09-10,2026-09-11,-7.1
140120260910533935,350A,2026-09-10,2026-09-11,-12.65
140120260910533996,4422,2026-09-10,2026-09-11,-14.43
140120260910534008,6778,2026-09-10,2026-09-11,-5.75
140120260910534019,4194,2026-09-10,2026-09-11,-8.71
140120260910534027,211A,2026-09-10,2026-09-11,-2.05
140120260910534030,7095,2026-09-10,2026-09-11,-3.95
140120260910534044,7777,2026-09-10,2026-09-11,10.82
140120260910534061,215A,2026-09-10,2026-09-11,-16.61
140120260910534106,5031,2026-09-10,2026-09-11,22.54
140120260910534136,6184,2026-09-10,2026-09-11,4.23
140120260910534161,4014,2026-09-10,2026-09-11,-7.54
140120260910534186,3896,2026-09-10,2026-09-11,0.97
140120260910534360,3921,2026-09-10,2026-09-11,-0.19
140120260910534370,4996,2026-09-10,2026-09-11,-12.65
140120260910534376,1904,2026-09-10,2026-09-11,0.99
140120260910534446,4996,2026-09-10,2026-09-11,-12.65
140120260910534559,3930,2026-09-10,2026-09-11,0.5
140120260910534566,3903,2026-09-10,2026-09-11,-19.1
140120260910534591,8079,2026-09-10,2026-09-11,-2.99
140120260910534614,7692,2026-09-10,2026-09-11,-3.66
140120260911534621,9556,2026-09-10,2026-09-11,-19.65
140120260911534744,6336,2026-09-10,2026-09-11,-18.45
140120260911534761,6316,2026-09-10,2026-09-11,1.93
140120260911534828,565A,2026-09-10,2026-09-11,0.0
140120260911534965,2991,2026-09-10,2026-09-11,2.34
140120260727599785,6091,2026-09-11,2026-09-14,7.53
140120260812518510,6497,2026-09-11,2026-09-14,-1.72
140120260817522012,3320,2026-09-11,2026-09-14,0.38
140120260828528001,2373,2026-09-11,2026-09-14,11.19
140120260828528101,8013,2026-09-11,2026-09-14,-0.27
140120260831529125,3524,2026-09-11,2026-09-14,-0.47
140120260902530581,1844,2026-09-11,2026-09-14,-1.73
140120260907532274,3988,2026-09-11,2026-09-14,-0.88
140120260907532764,7126,2026-09-11,2026-09-14,1.39
140120260907532766,7126,2026-09-11,2026-09-14,1.39
140120260908532700,3974,2026-09-11,2026-09-14,0.0
140120260908532952,3539,2026-09-11,2026-09-14,8.38
140120260908533058,460A,2026-09-11,2026-09-14,15.15
140120260908533139,3974,2026-09-11,2026-09-14,0.0
140120260908533170,3974,2026-09-11,2026-09-14,0.0
140120260908533222,5446,2026-09-11,2026-09-14,-1.37
140120260909533331,5966,2026-09-11,2026-09-14,-0.04
140120260909533357,6757,2026-09-11,2026-09-14,2.16
140120260909533393,6049,2026-09-11,2026-09-14,3.64
140120260909533466,9242,2026-09-11,2026-09-14,2.24
140120260909533498,6676,2026-09-11,2026-09-14,4.13
140120260909533634,6091,2026-09-11,2026-09-14,7.53
140120260909533707,3733,2026-09-11,2026-09-14,2.14
140120260909533773,3161,2026-09-11,2026-09-14,0.91
140120260909533817,5134,2026-09-11,2026-09-14,-3.95
140120260909533830,3967,2026-09-11,2026-09-14,3.63
140120260910533928,2217,2026-09-11,2026-09-14,0.34
140120260910533962,9743,2026-09-11,2026-09-14,-0.14
140120260910533968,296A,2026-09-11,2026-09-14,1.89
140120260910534039,3418,2026-09-11,2026-09-14,0.48
140120260910534088,3038,2026-09-11,2026-09-14,6.79
140120260910534126,7850,2026-09-11,2026-09-14,-0.62
140120260910534135,6317,2026-09-11,2026-09-14,23.43
140120260910534173,3161,2026-09-11,2026-09-14,0.91
140120260910534185,7097,2026-09-11,2026-09-14,0.33
140120260910534227,8077,2026-09-11,2026-09-14,-3.21
140120260910534262,7131,2026-09-11,2026-09-14,0.4
140120260910534293,7983,2026-09-11,2026-09-14,-2.37
140120260910534357,9262,2026-09-11,2026-09-14,-1.46
140120260910534371,2695,2026-09-11,2026-09-14,1.07
140120260910534380,446A,2026-09-11,2026-09-14,5.12
140120260910534399,9236,2026-09-11,2026-09-14,-6.76
140120260910534430,5581,2026-09-11,2026-09-14,0.0
140120260910534509,2776,2026-09-11,2026-09-14,-2.88
140120260910534523,5889,2026-09-11,2026-09-14,-8.73
140120260910534569,2353,2026-09-11,2026-09-14,5.04
140120260910534570,5572,2026-09-11,2026-09-14,5.24
140120260910534583,6267,2026-09-11,2026-09-14,-0.74
140120260910534589,6267,2026-09-11,2026-09-14,-0.74
140120260910534599,456A,2026-09-11,2026-09-14,1.23
140120260910534609,1444,2026-09-11,2026-09-14,-0.19
140120260911534635,9163,2026-09-11,2026-09-14,1.72
140120260911534673,7810,2026-09-11,2026-09-14,2.55
140120260911534701,5079,2026-09-11,2026-09-14,-0.57
140120260911534723,7878,2026-09-11,2026-09-14,-16.16
140120260911534724,7131,2026-09-11,2026-09-14,0.4
140120260911534725,460A,2026-09-11,2026-09-14,15.15
140120260911534726,7878,2026-09-11,2026-09-14,-16.16
140120260911534730,7878,2026-09-11,2026-09-14,-16.16
140120260911534751,4287,2026-09-11,2026-09-14,-3.31
140120260911534757,7378,2026-09-11,2026-09-14,-3.46
140120260911534760,462A,2026-09-11,2026-09-14,2.26
140120260911534797,7831,2026-09-11,2026-09-14,-1.49
140120260911534804,7674,2026-09-11,2026-09-14,0.5
140120260911534824,9603,2026-09-11,2026-09-14,-0.17
140120260911534830,7131,2026-09-11,2026-09-14,0.4
140120260911534851,1766,2026-09-11,2026-09-14,-3.11
140120260911534855,8142,2026-09-11,2026-09-14,-1.06
140120260911534857,3399,2026-09-11,2026-09-14,-3.4
140120260911534862,5218,2026-09-11,2026-09-14,-2.34
140120260911534864,5131,2026-09-11,2026-09-14,44.25
140120260911534873,6898,2026-09-11,2026-09-14,-3.74
140120260911534909,4382,2026-09-11,2026-09-14,11.23
140120260911534916,3444,2026-09-11,2026-09-14,13.1
140120260911534917,3539,2026-09-11,2026-09-14,8.38
140120260911534937,4378,2026-09-11,2026-09-14,-9.77
140120260911534959,7058,2026-09-11,2026-09-14,2.15
140120260911534968,4075,2026-09-11,2026-09-14,-4.07
140120260911534980,4175,2026-09-11,2026-09-14,2.41
140120260911534987,6040,2026-09-11,2026-09-14,2.2
140120260911535031,3653,2026-09-11,2026-09-14,-16.29
140120260911535032,446A,2026-09-11,2026-09-14,5.12
140120260911535034,3421,2026-09-11,2026-09-14,-4.37
140120260911535038,3361,2026-09-11,2026-09-14,2.5
140120260911535057,3159,2026-09-11,2026-09-14,-4.75
140120260911535058,6656,2026-09-11,2026-09-14,-5.13
140120260911535070,4813,2026-09-11,2026-09-14,-1.75
140120260911535093,456A,2026-09-11,2026-09-14,1.23
140120260911535098,3121,2026-09-11,2026-09-14,-8.76
140120260911535119,186A,2026-09-11,2026-09-14,0.99
140120260911535129,9166,2026-09-11,2026-09-14,0.99
140120260911535131,3193,2026-09-11,2026-09-14,-4.42
140120260911535364,3665,2026-09-11,2026-09-14,-2.61
140120260914535423,461A,2026-09-11,2026-09-14,1.41
140120260914535524,560A,2026-09-11,2026-09-14,0.0
140120260914535614,5248,2026-09-11,2026-09-14,-1.57
140120260914535617,4172,2026-09-11,2026-09-14,2.39
140120260914535674,7604,2026-09-11,2026-09-14,0.88
140120260914535683,3195,2026-09-11,2026-09-14,-14.35
140120260914535720,267A,2026-09-11,2026-09-14,0.0
140120260914535770,6497,2026-09-11,2026-09-14,-1.72
140120260914535827,6497,2026-09-11,2026-09-14,-1.72
140120260821524319,3468,2026-09-14,2026-09-15,1.7
140120260825525742,6037,2026-09-14,2026-09-15,-3.61
140120260827527053,7901,2026-09-14,2026-09-15,-5.78
140120260904531691,525A,2026-09-14,2026-09-15,0.0
140120260908533240,2301,2026-09-14,2026-09-15,4.58
140120260909533384,556A,2026-09-14,2026-09-15,2.17
140120260909533757,3804,2026-09-14,2026-09-15,-2.63
140120260910534084,3955,2026-09-14,2026-09-15,3.36
140120260910534150,3187,2026-09-14,2026-09-15,-3.17
140120260910534266,6309,2026-09-14,2026-09-15,-2.68
140120260910534332,3234,2026-09-14,2026-09-15,-0.48
140120260910534391,6387,2026-09-14,2026-09-15,-4.36
140120260911534854,7110,2026-09-14,2026-09-15,-7.07
140120260911534859,7681,2026-09-14,2026-09-15,3.71
140120260911534871,7614,2026-09-14,2026-09-15,-0.26
140120260911534911,2391,2026-09-14,2026-09-15,-0.17
140120260911535000,8927,2026-09-14,2026-09-15,2.52
140120260911535075,7827,2026-09-14,2026-09-15,0.12
140120260911535126,4174,2026-09-14,2026-09-15,3.16
140120260911535133,9279,2026-09-14,2026-09-15,-2.71
140120260911535134,168A,2026-09-14,2026-09-15,-3.14
140120260911535184,278A,2026-09-14,2026-09-15,-6.55
140120260911535236,7034,2026-09-14,2026-09-15,-6.31
140120260911535259,3455,2026-09-14,2026-09-15,0.31
140120260911535269,7050,2026-09-14,2026-09-15,6.24
140120260911535327,9425,2026-09-14,2026-09-15,-3.14
140120260911535349,3565,2026-09-14,2026-09-15,0.2
140120260911535353,3282,2026-09-14,2026-09-15,0.0
140120260912535385,2424,2026-09-14,2026-09-15,9.87
140120260913535405,442A,2026-09-14,2026-09-15,-12.3
140120260913535406,442A,2026-09-14,2026-09-15,-12.3
140120260914535444,4446,2026-09-14,2026-09-15,-16.3
140120260914535456,9279,2026-09-14,2026-09-15,-2.71
140120260914535475,3459,2026-09-14,2026-09-15,-0.91
140120260914535483,604A,2026-09-14,2026-09-15,23.72
140120260914535498,4426,2026-09-14,2026-09-15,0.0
140120260914535513,3441,2026-09-14,2026-09-15,-18.55
140120260914535520,2971,2026-09-14,2026-09-15,0.28
140120260914535531,3415,2026-09-14,2026-09-15,0.58
140120260914535540,5888,2026-09-14,2026-09-15,-2.88
140120260914535543,9627,2026-09-14,2026-09-15,-4.77
140120260914535558,2315,2026-09-14,2026-09-15,3.17
140120260914535568,9251,2026-09-14,2026-09-15,5.95
140120260914535572,4936,2026-09-14,2026-09-15,-1.28
140120260914535612,212A,2026-09-14,2026-09-15,-4.01
140120260914535644,3169,2026-09-14,2026-09-15,0.6
140120260914535648,5136,2026-09-14,2026-09-15,13.76
140120260914535657,8894,2026-09-14,2026-09-15,-9.52
140120260914535669,8967,2026-09-14,2026-09-15,-0.86
140120260914535670,359A,2026-09-14,2026-09-15,0.0
140120260914535676,3491,2026-09-14,2026-09-15,-10.48
140120260914535679,7811,2026-09-14,2026-09-15,13.32
140120260914535680,7811,2026-09-14,2026-09-15,13.32
140120260914535693,3134,2026-09-14,2026-09-15,-1.74
140120260914535709,3657,2026-09-14,2026-09-15,3.56
140120260914535710,4934,2026-09-14,2026-09-15,-1.48
140120260914535723,8957,2026-09-14,2026-09-15,-0.11
140120260914535739,4431,2026-09-14,2026-09-15,-0.15
140120260914535747,441A,2026-09-14,2026-09-15,0.36
140120260914535765,246A,2026-09-14,2026-09-15,16.18
140120260914535769,1840,2026-09-14,2026-09-15,-2.73
140120260914535783,3475,2026-09-14,2026-09-15,4.3
140120260914535791,9240,2026-09-14,2026-09-15,-13.06
140120260914535792,7073,2026-09-14,2026-09-15,-2.18
140120260914535793,1840,2026-09-14,2026-09-15,-2.73
140120260914535796,2978,2026-09-14,2026-09-15,-2.03
140120260914535798,184A,2026-09-14,2026-09-15,-2.41
140120260914535826,4592,2026-09-14,2026-09-15,-4.43
140120260914535832,7683,2026-09-14,2026-09-15,0.36
140120260914535840,3292,2026-09-14,2026-09-15,-1.13
140120260914535856,1444,2026-09-14,2026-09-15,1.58
140120260914535874,218A,2026-09-14,2026-09-15,-13.22
140120260914535883,1383,2026-09-14,2026-09-15,0.0
140120260914535886,500A,2026-09-14,2026-09-15,0.0
140120260914535890,3931,2026-09-14,2026-09-15,0.0
140120260914535894,9237,2026-09-14,2026-09-15,-15.29
140120260914535909,2997,2026-09-14,2026-09-15,0.0
140120260914535943,246A,2026-09-14,2026-09-15,16.18
140120260914535963,3441,2026-09-14,2026-09-15,-18.55
140120260914535966,5136,2026-09-14,2026-09-15,13.76
140120260914536003,246A,2026-09-14,2026-09-15,16.18
140120260914536019,324A,2026-09-14,2026-09-15,-0.97
140120260914536025,4053,2026-09-14,2026-09-15,1.96
140120260914536063,5598,2026-09-14,2026-09-15,0.0
140120260914536068,8848,2026-09-14,2026-09-15,14.47
140120260914536086,8848,2026-09-14,2026-09-15,14.47
140120260914536087,9235,2026-09-14,2026-09-15,0.49
140120260914536090,6838,2026-09-14,2026-09-15,-8.52
140120260914536133,2345,2026-09-14,2026-09-15,-4.72
140120260914536149,4380,2026-09-14,2026-09-15,-1.83
140120260914536165,161A,2026-09-14,2026-09-15,0.0
140120260914536205,246A,2026-09-14,2026-09-15,16.18
140120260914536248,2612,2026-09-14,2026-09-15,15.75
140120260915536591,351A,2026-09-14,2026-09-15,0.0
140120260910534170,7059,2026-09-15,2026-09-16,3.13
140120260914536052,3121,2026-09-15,2026-09-16,-1.19
140120260914536112,2778,2026-09-15,2026-09-16,-2.59
140120260914536275,4063,2026-09-15,2026-09-16,2.23
140120260915536316,266A,2026-09-15,2026-09-16,0.0
140120260915536343,5840,2026-09-15,2026-09-16,0.0
140120260915536365,144A,2026-09-15,2026-09-16,0.0
140120260915536496,2678,2026-09-15,2026-09-16,1.95
140120260915536563,411A,2026-09-15,2026-09-16,0.0
140120260915536627,301A,2026-09-15,2026-09-16,0.0
140120260915536636,4840,2026-09-15,2026-09-16,10.96
140120260915536785,6036,2026-09-15,2026-09-16,2.23
140120260915536788,4935,2026-09-15,2026-09-16,-26.46
140120260915536821,244A,2026-09-15,2026-09-16,2.74
140120260916537060,1343,2026-09-15,2026-09-16,-0.13
140120260916537068,1699,2026-09-15,2026-09-16,1.04
140120260916537071,1559,2026-09-15,2026-09-16,0.09
140120260916537083,1545,2026-09-15,2026-09-16,0.0
140120260916537085,1546,2026-09-15,2026-09-16,0.52
140120260916537088,1560,2026-09-15,2026-09-16,-0.11
140120260916537090,1678,2026-09-15,2026-09-16,-0.03
140120260916537092,2845,2026-09-15,2026-09-16,-0.09
140120260916537094,2846,2026-09-15,2026-09-16,0.0
140120260904532169,8841,2026-09-16,2026-09-17,3.01
140120260915536382,401A,2026-09-16,2026-09-17,1.46
140120260915536407,3640,2026-09-16,2026-09-17,2.01
140120260915536475,4762,2026-09-16,2026-09-17,9.6
140120260915536765,4884,2026-09-16,2026-09-17,5.05
140120260916536930,5388,2026-09-16,2026-09-17,2.49
140120260916537098,4287,2026-09-16,2026-09-17,0.0
140120260916537099,284A,2026-09-16,2026-09-17,0.0
140120260916537160,3321,2026-09-16,2026-09-17,7.48
140120260916537197,7539,2026-09-16,2026-09-17,0.86
140120260917537691,443A,2026-09-16,2026-09-17,0.11
140120260917537699,516A,2026-09-16,2026-09-17,0.65
140120260917537713,517A,2026-09-16,2026-09-17,-0.05
140120260909533584,3075,2026-09-17,2026-09-18,4.16
140120260915536646,3471,2026-09-17,2026-09-18,-0.29
140120260916537124,2796,2026-09-17,2026-09-18,-2.92
140120260916537388,2788,2026-09-17,2026-09-18,6.12
140120260916537437,2989,2026-09-17,2026-09-18,-2.83
140120260916537453,3249,2026-09-17,2026-09-18,-0.96
140120260916537526,6035,2026-09-17,2026-09-18,4.81
140120260917537640,3463,2026-09-17,2026-09-18,-2.61
140120260917537642,6905,2026-09-17,2026-09-18,3.86
140120260917537655,6905,2026-09-17,2026-09-18,3.86
140120260917537727,6977,2026-09-17,2026-09-18,23.53
140120260917537732,3269,2026-09-17,2026-09-18,-2.04
140120260917537866,5461,2026-09-17,2026-09-18,-3.56
140120260917537870,4923,2026-09-17,2026-09-18,-0.41
140120260917538051,4436,2026-09-17,2026-09-18,20.0
140120260917538054,3498,2026-09-17,2026-09-18,3.06
140120260917538058,3560,2026-09-17,2026-09-18,15.04
140120260917538094,7380,2026-09-17,2026-09-18,3.18
140120260917538103,3560,2026-09-17,2026-09-18,15.04
140120260917538140,3461,2026-09-17,2026-09-18,-0.48
140120260918538354,1655,2026-09-17,2026-09-18,1.7
140120260918538358,1476,2026-09-17,2026-09-18,-0.72
140120260918538381,1657,2026-09-17,2026-09-18,1.75
140120260918538384,1658,2026-09-17,2026-09-18,1.77
140120260918538386,1659,2026-09-17,2026-09-18,1.01
140120260918538389,2522,2026-09-17,2026-09-18,2.87
140120260918538393,2563,2026-09-17,2026-09-18,0.75
140120260918538396,2852,2026-09-17,2026-09-18,-0.82
140120260918538400,392A,2026-09-17,2026-09-18,2.93
140120260918538404,408A,2026-09-17,2026-09-18,4.82
140120260918538407,491A,2026-09-17,2026-09-18,0.71
140120260918538411,1475,2026-09-17,2026-09-18,-0.07
140120260918538414,1329,2026-09-17,2026-09-18,1.44
140120260918538417,1364,2026-09-17,2026-09-18,-0.16
140120260918538419,1477,2026-09-17,2026-09-18,-0.3
140120260918538421,1478,2026-09-17,2026-09-18,-0.84
140120260918538423,1483,2026-09-17,2026-09-18,0.0
140120260918538428,2851,2026-09-17,2026-09-18,0.41
140120260918538431,2250,2026-09-17,2026-09-18,0.0
140120260918538433,2013,2026-09-17,2026-09-18,0.46
140120260918538435,2014,2026-09-17,2026-09-18,0.94
140120260918538439,313A,2026-09-17,2026-09-18,2.61
140120260918538446,201A,2026-09-17,2026-09-18,0.99
140120260918538450,530A,2026-09-17,2026-09-18,-0.5
140120260918538452,2567,2026-09-17,2026-09-18,0.0
140120260918538456,2526,2026-09-17,2026-09-18,0.13
140120260918538458,2524,2026-09-17,2026-09-18,0.29
140120260918538462,314A,2026-09-17,2026-09-18,2.87
140120260918538481,2525,2026-09-17,2026-09-18,2.12
140120260827526904,8931,2026-09-18,2026-09-24,3.12
140120260916536942,5367,2026-09-18,2026-09-24,-3.66
140120260916536983,9444,2026-09-18,2026-09-24,1.92
140120260917537653,3537,2026-09-18,2026-09-24,5.5
140120260917537960,2926,2026-09-18,2026-09-24,4.88
140120260917538104,2354,2026-09-18,2026-09-24,-3.11
140120260917538243,8798,2026-09-18,2026-09-24,-19.54
140120260917538268,8798,2026-09-18,2026-09-24,-19.54
140120260918538568,9258,2026-09-18,2026-09-24,0.67
140120260918538569,3544,2026-09-18,2026-09-24,-0.24
140120260918538759,2843,2026-09-18,2026-09-24,-0.66
140120260918538784,2844,2026-09-18,2026-09-24,-0.85
140120260918538787,2861,2026-09-18,2026-09-24,-1.79
140120260918538790,2862,2026-09-18,2026-09-24,-1.83
140120260918538800,5368,2026-09-18,2026-09-24,2.09
140120260918538971,8697,2026-09-18,2026-09-24,1.72
140120260924539180,518A,2026-09-18,2026-09-24,-0.57
140120260924539210,404A,2026-09-18,2026-09-24,0.56
140120260924539213,328A,2026-09-18,2026-09-24,-0.82
140120260924539291,1651,2026-09-18,2026-09-24,-0.96
140120260924539298,2628,2026-09-18,2026-09-24,6.49
140120260924539303,2629,2026-09-18,2026-09-24,17.47
140120260914536153,7322,2026-09-24,2026-09-25,8.8
140120260916537545,4716,2026-09-24,2026-09-25,8.15
140120260917538010,8346,2026-09-24,2026-09-25,8.51
140120260918538307,410A,2026-09-24,2026-09-25,13.48
140120260918538308,410A,2026-09-24,2026-09-25,13.48
140120260918538541,3160,2026-09-24,2026-09-25,-3.52
140120260918538643,2207,2026-09-24,2026-09-25,1.76
140120260918538718,8388,2026-09-24,2026-09-25,7.92
140120260924539188,8154,2026-09-24,2026-09-25,5.86
140120260924539220,6200,2026-09-24,2026-09-25,-7.02
140120260924539360,5801,2026-09-24,2026-09-25,0.5
140120260924539535,4548,2026-09-24,2026-09-25,-8.92
140120260924539536,5253,2026-09-24,2026-09-25,-8.36
140120260924539594,7619,2026-09-24,2026-09-25,1.07
140120260924539703,8346,2026-09-24,2026-09-25,8.51
140120260925540214,3333,2026-09-24,2026-09-25,-0.39
140120260907532560,7133,2026-09-25,2026-09-28,22.37
140120260916537214,9509,2026-09-25,2026-09-28,2.2
140120260916537243,9509,2026-09-25,2026-09-28,2.2
140120260918538488,7897,2026-09-25,2026-09-28,25.93
140120260924539251,7643,2026-09-25,2026-09-28,-0.52
140120260924539396,8217,2026-09-25,2026-09-28,-3.36
140120260924539798,5986,2026-09-25,2026-09-28,11.79
140120260924539807,2778,2026-09-25,2026-09-28,-2.48
140120260925539958,2742,2026-09-25,2026-09-28,-1.15
140120260925539974,428A,2026-09-25,2026-09-28,15.51
140120260925540232,7610,2026-09-25,2026-09-28,0.0
140120260925540241,4465,2026-09-25,2026-09-28,5.33
140120260925540480,5484,2026-09-25,2026-09-28,0.0
140120260925540527,6533,2026-09-25,2026-09-28,24.43
140120260826526465,9074,2026-09-28,2026-09-29,3.31
140120260917537930,7624,2026-09-28,2026-09-29,8.38
140120260925540152,9759,2026-09-28,2026-09-29,2.34
140120260925540368,9759,2026-09-28,2026-09-29,2.34
140120260925540398,4216,2026-09-28,2026-09-29,5.9
140120260925540547,1723,2026-09-28,2026-09-29,-13.4
140120260925540553,3632,2026-09-28,2026-09-29,0.71
140120260925540554,8217,2026-09-28,2026-09-29,-1.93
140120260927540636,8227,2026-09-28,2026-09-29,2.76
140120260928540809,7921,2026-09-28,2026-09-29,3.3
140120260928540926,3538,2026-09-28,2026-09-29,-1.06
140120260928540934,6787,2026-09-28,2026-09-29,-2.68
140120260928540999,6730,2026-09-28,2026-09-29,24.47
140120260928541008,7552,2026-09-28,2026-09-29,12.47
140120260928541099,9246,2026-09-28,2026-09-29,26.27
140120260928541113,1360,2026-09-28,2026-09-29,0.45
140120260928541116,1356,2026-09-28,2026-09-29,1.05
140120260928541119,1568,2026-09-28,2026-09-29,-1.2
140120260928541142,1580,2026-09-28,2026-09-29,-0.11
140120260928541146,1579,2026-09-28,2026-09-29,-0.43
140120260928541148,1569,2026-09-28,2026-09-29,0.82
140120260928541151,1469,2026-09-28,2026-09-29,2.41
140120260928541228,7624,2026-09-28,2026-09-29,8.38
140120260928541251,3607,2026-09-28,2026-09-29,-1.58
140120260928541331,9744,2026-09-28,2026-09-29,-3.61
140120260928541416,5852,2026-09-28,2026-09-29,-1.94
140120260929541638,349A,2026-09-28,2026-09-29,-1.32
140120260929541770,1349,2026-09-28,2026-09-29,-0.17
140120260925540250,4393,2026-09-29,2026-09-30,3.45
140120260928540923,2792,2026-09-29,2026-09-30,0.86
140120260928541154,9253,2026-09-29,2026-09-30,-8.76
140120260928541317,6863,2026-09-29,2026-09-30,-1.23
140120260928541390,9976,2026-09-29,2026-09-30,-2.76
140120260928541396,9976,2026-09-29,2026-09-30,-2.76
140120260928541531,3038,2026-09-29,2026-09-30,1.79
140120260929541616,3050,2026-09-29,2026-09-30,-2.97
140120260929541758,7068,2026-09-29,2026-09-30,-5.32
140120260929541978,6822,2026-09-29,2026-09-30,-0.1
140120260929542085,7601,2026-09-29,2026-09-30,1.84
140120260929542326,6594,2026-09-29,2026-09-30,4.67
140120260929542337,3202,2026-09-29,2026-09-30,0.78
140120260903531401,3377,2026-09-30,2026-10-01,3.01
140120260917537637,6255,2026-09-30,2026-10-01,8.16
140120260925540542,2130,2026-09-30,2026-10-01,-16.3
140120260928540983,6083,2026-09-30,2026-10-01,-14.74
140120260928541261,5900,2026-09-30,2026-10-01,1.05
140120260928541539,2975,2026-09-30,2026-10-01,-4.65
140120260929541700,2354,2026-09-30,2026-10-01,-0.48
140120260929541752,7915,2026-09-30,2026-10-01,-6.47
140120260929541848,7915,2026-09-30,2026-10-01,-6.47
140120260929542224,9651,2026-09-30,2026-10-01,-0.81
140120260929542301,9265,2026-09-30,2026-10-01,-3.08
140120260929542307,2685,2026-09-30,2026-10-01,-1.62
140120260929542371,9369,2026-09-30,2026-10-01,-0.52
140120260929542396,3089,2026-09-30,2026-10-01,-8.23
140120260929542433,6908,2026-09-30,2026-10-01,-3.93
140120260929542483,192A,2026-09-30,2026-10-01,-7.08
140120260929542486,6594,2026-09-30,2026-10-01,-10.83
140120260930542522,4196,2026-09-30,2026-10-01,-0.7
140120260930542803,2935,2026-09-30,2026-10-01,-0.59
140120260930542868,8276,2026-09-30,2026-10-01,-0.85
140120260930542890,640A,2026-09-30,2026-10-01,21.88
140120260930542900,5126,2026-09-30,2026-10-01,0.21
140120260930543020,2935,2026-09-30,2026-10-01,-0.59
140120260930543217,6908,2026-09-30,2026-10-01,-3.93
140120260930543278,8358,2026-09-30,2026-10-01,1.16
140120260930543301,5942,2026-09-30,2026-10-01,5.66
140120260930543303,6908,2026-09-30,2026-10-01,-3.93
140120260930543309,5942,2026-09-30,2026-10-01,5.66
140120260930543314,6034,2026-09-30,2026-10-01,-4.92
140120260930543360,6594,2026-09-30,2026-10-01,-10.83
140120260930543372,6268,2026-09-30,2026-10-01,1.14
140120260930543431,6268,2026-09-30,2026-10-01,1.14
140120260930543438,6268,2026-09-30,2026-10-01,1.14
140120260930543461,6268,2026-09-30,2026-10-01,1.14
140120260930543478,6594,2026-09-30,2026-10-01,-10.83
140120260930543501,4069,2026-09-30,2026-10-01,-2.83
140120260930543569,4069,2026-09-30,2026-10-01,-2.83
140120260930543571,4069,2026-09-30,2026-10-01,-2.83
140120260930543576,4069,2026-09-30,2026-10-01,-2.83
140120260930543580,4069,2026-09-30,2026-10-01,-2.83
140120260930543646,4069,2026-09-30,2026-10-01,-2.83
140120260930543649,4069,2026-09-30,2026-10-01,-2.83
140120261001544519,1447,2026-09-30,2026-10-01,-1.54
140120260923539086,3035,2026-10-01,2026-10-02,-6.25
140120260928541537,7545,2026-10-01,2026-10-02,-2.39
140120260929541751,3396,2026-10-01,2026-10-02,1.3
140120260930543229,7847,2026-10-01,2026-10-02,14.77
140120260930543563,7975,2026-10-01,2026-10-02,-1.61
140120260930543566,3549,2026-10-01,2026-10-02,18.86
140120260930543662,562A,2026-10-01,2026-10-02,0.0
140120260930543766,7447,2026-10-01,2026-10-02,4.22
140120261001544314,2493,2026-10-01,2026-10-02,-2.97
140120261001544401,2493,2026-10-01,2026-10-02,-2.97
140120261002545200,7611,2026-10-01,2026-10-02,1.36
140120261002545230,7611,2026-10-01,2026-10-02,1.36
140120260903531293,5076,2026-10-02,2026-10-05,-13.56
140120260926540626,2753,2026-10-02,2026-10-05,-2.98
140120260926540628,2753,2026-10-02,2026-10-05,-2.98
140120260928540855,7965,2026-10-02,2026-10-05,-1.19
140120260930543358,4394,2026-10-02,2026-10-05,-9.0
140120260930543781,8923,2026-10-02,2026-10-05,-3.87
140120261001544680,6279,2026-10-02,2026-10-05,-1.62
140120261001544712,1376,2026-10-02,2026-10-05,-1.04
140120261001544911,8127,2026-10-02,2026-10-05,-0.19
140120261002545010,7975,2026-10-02,2026-10-05,0.86
140120261002545036,8931,2026-10-02,2026-10-05,0.94
140120261002545223,3321,2026-10-02,2026-10-05,-4.22
140120261002545274,4475,2026-10-02,2026-10-05,-5.06
140120261002545289,4475,2026-10-02,2026-10-05,-5.06
140120261002545326,6652,2026-10-02,2026-10-05,6.28
140120261002545339,9872,2026-10-02,2026-10-05,1.79
140120261002545403,6664,2026-10-02,2026-10-05,16.1
140120261005545693,8923,2026-10-02,2026-10-05,-3.87
140120261005545843,2300,2026-10-02,2026-10-05,-1.2
140120260908533161,3377,2026-10-05,2026-10-06,1.93
140120260925540070,7679,2026-10-05,2026-10-06,-0.06
140120260930543492,8011,2026-10-05,2026-10-06,1.39
140120261001544846,3612,2026-10-05,2026-10-06,1.58
140120261002545363,2789,2026-10-05,2026-10-06,1.69
140120261002545369,2789,2026-10-05,2026-10-06,1.69
140120261002545461,3186,2026-10-05,2026-10-06,-4.93
140120261002545509,6474,2026-10-05,2026-10-06,2.08
140120261002545520,3148,2026-10-05,2026-10-06,-4.63
140120261002545556,3498,2026-10-05,2026-10-06,-4.45
140120261002545592,4390,2026-10-05,2026-10-06,-9.58
140120261003544976,9793,2026-10-05,2026-10-06,2.44
140120261005545723,7427,2026-10-05,2026-10-06,0.97
140120261005545816,7630,2026-10-05,2026-10-06,-4.54
140120261005545888,2659,2026-10-05,2026-10-06,-1.87
140120261005545900,9558,2026-10-05,2026-10-06,0.41
140120261006546359,8011,2026-10-05,2026-10-06,1.39
140120261006546389,7434,2026-10-05,2026-10-06,0.0
140120260929542087,4760,2026-10-06,2026-10-07,-0.25
140120260930543256,1377,2026-10-06,2026-10-07,-1.3
140120261002544993,6496,2026-10-06,2026-10-07,-8.21
140120261002545584,6469,2026-10-06,2026-10-07,-4.25
140120261005546065,2726,2026-10-06,2026-10-07,3.51
140120261005546199,6814,2026-10-06,2026-10-07,3.69
140120261005546285,2734,2026-10-06,2026-10-07,-3.61
140120261005546296,9444,2026-10-06,2026-10-07,-0.77
140120261006546318,6193,2026-10-06,2026-10-07,15.46
140120261006546330,6469,2026-10-06,2026-10-07,-4.25
140120261006546338,3396,2026-10-06,2026-10-07,0.23
140120261006546534,7352,2026-10-06,2026-10-07,-5.69
140120261006546607,5243,2026-10-06,2026-10-07,-18.18
140120261006546645,402A,2026-10-06,2026-10-07,-5.63
140120261006546735,9444,2026-10-06,2026-10-07,-0.77
140120260923539078,8203,2026-10-07,2026-10-08,-1.11
140120261001544866,8194,2026-10-07,2026-10-08,-3.13
140120261002545176,8166,2026-10-07,2026-10-08,-1.28
140120261002545190,4920,2026-10-07,2026-10-08,-6.6
140120261006546363,5932,2026-10-07,2026-10-08,15.9
140120261006546368,9846,2026-10-07,2026-10-08,-1.02
140120261006546499,6407,2026-10-07,2026-10-08,-5.06
140120261006546678,2303,2026-10-07,2026-10-08,-0.52
140120261006546783,2670,2026-10-07,2026-10-08,3.63
140120261006546807,3391,2026-10-07,2026-10-08,2.25
140120261006546809,2341,2026-10-07,2026-10-08,-5.56
140120261006546823,2670,2026-10-07,2026-10-08,3.63
140120261006546861,2918,2026-10-07,2026-10-08,-3.94
140120261006546869,2918,2026-10-07,2026-10-08,-3.94
140120261006546950,3723,2026-10-07,2026-10-08,-2.58
140120261007546971,3723,2026-10-07,2026-10-08,-2.58
140120261007547002,7137,2026-10-07,2026-10-08,0.0
140120261007547015,7137,2026-10-07,2026-10-08,0.0
140120261007547046,6093,2026-10-07,2026-10-08,-2.53
140120261007547128,6255,2026-10-07,2026-10-08,-5.95
140120261007547311,9857,2026-10-07,2026-10-08,0.78
140120261007547344,428A,2026-10-07,2026-10-08,-5.03
140120261007547428,8278,2026-10-07,2026-10-08,-3.08
140120261008547698,2864,2026-10-07,2026-10-08,-1.19
140120261008547725,179A,2026-10-07,2026-10-08,-0.27
140120261008547727,235A,2026-10-07,2026-10-08,0.49
140120261008547731,180A,2026-10-07,2026-10-08,-1.21
140120261008547734,234A,2026-10-07,2026-10-08,0.07
140120261008547739,512A,2026-10-07,2026-10-08,-2.39
140120261008547742,513A,2026-10-07,2026-10-08,-3.08
140120260902530837,3201,2026-10-08,2026-10-09,1.85
140120260924539705,2341,2026-10-08,2026-10-09,-2.94
140120260924539741,7513,2026-10-08,2026-10-09,0.43
140120260929541653,7649,2026-10-08,2026-10-09,-2.83
140120260929541858,7487,2026-10-08,2026-10-09,1.06
140120261001544135,9381,2026-10-08,2026-10-09,0.69
140120261005546139,2809,2026-10-08,2026-10-09,-3.03
140120261006546382,7713,2026-10-08,2026-10-09,1.92
140120261006546386,2408,2026-10-08,2026-10-09,0.6
140120261006546579,9835,2026-10-08,2026-10-09,2.74
140120261006546643,3201,2026-10-08,2026-10-09,1.85
140120261006546736,3907,2026-10-08,2026-10-09,-14.02
140120261006546777,3907,2026-10-08,2026-10-09,-14.02
140120261006546876,4763,2026-10-08,2026-10-09,-2.81
140120261006546903,4763,2026-10-08,2026-10-09,-2.81
140120261007547023,9903,2026-10-08,2026-10-09,0.46
140120261007547060,8016,2026-10-08,2026-10-09,5.44
140120261007547084,4361,2026-10-08,2026-10-09,4.25
140120261007547093,4361,2026-10-08,2026-10-09,4.25
140120261007547096,4361,2026-10-08,2026-10-09,4.25
140120261007547224,4317,2026-10-08,2026-10-09,0.5
140120261007547248,9414,2026-10-08,2026-10-09,0.11
140120261007547258,9765,2026-10-08,2026-10-09,-0.44
140120261007547260,8016,2026-10-08,2026-10-09,5.44
140120261007547358,8127,2026-10-08,2026-10-09,8.0
140120261007547390,8125,2026-10-08,2026-10-09,-0.83
140120261007547446,7513,2026-10-08,2026-10-09,0.43
140120261007547460,3382,2026-10-08,2026-10-09,-0.38
140120261007547463,9946,2026-10-08,2026-10-09,-0.46
140120261007547464,9716,2026-10-08,2026-10-09,3.91
140120261007547469,7544,2026-10-08,2026-10-09,-0.54
140120261007547479,9946,2026-10-08,2026-10-09,-0.46
140120261007547481,6323,2026-10-08,2026-10-09,15.79
140120261007547498,6323,2026-10-08,2026-10-09,15.79
140120261007547547,4825,2026-10-08,2026-10-09,-3.13
140120261007547585,7818,2026-10-08,2026-10-09,0.84
140120261008547647,9983,2026-10-08,2026-10-09,-4.04
140120261008547656,4918,2026-10-08,2026-10-09,6.06
140120261008547659,4440,2026-10-08,2026-10-09,-7.66
140120261008547737,9861,2026-10-08,2026-10-09,5.07
140120261008547741,3490,2026-10-08,2026-10-09,-1.56
140120261008547756,9861,2026-10-08,2026-10-09,5.07
140120261008547781,9861,2026-10-08,2026-10-09,5.07
140120261008547853,3627,2026-10-08,2026-10-09,-0.74
140120261008547872,4728,2026-10-08,2026-10-09,-0.77
140120261008547874,9313,2026-10-08,2026-10-09,1.44
140120261008547876,9983,2026-10-08,2026-10-09,-4.04
140120261008547896,2687,2026-10-08,2026-10-09,0.41
140120261008547947,8918,2026-10-08,2026-10-09,-9.09
140120261008547970,1997,2026-10-08,2026-10-09,0.23
140120261008548014,7649,2026-10-08,2026-10-09,-2.83
140120261008548015,4543,2026-10-08,2026-10-09,-1.75
140120261008548085,9974,2026-10-08,2026-10-09,-4.94
140120261008548092,9974,2026-10-08,2026-10-09,-4.94
140120261008548224,9982,2026-10-08,2026-10-09,-4.29
140120261008548252,3048,2026-10-08,2026-10-09,0.28
140120261008548288,3048,2026-10-08,2026-10-09,0.28
140120261009548276,2747,2026-10-08,2026-10-09,-0.47
140120261009548383,7713,2026-10-08,2026-10-09,1.92
