disclosure_id,period,cur_sales,cur_op,cur_ordinary,cur_net,cur_eps,prev_sales,prev_op,prev_ordinary,prev_net,prev_eps,prior_sales,prior_op,prior_ordinary,prior_net,prior_eps
140120261009548819,CurrentYearDuration,82500000000.0,17250000000.0,17150000000.0,12600000000.0,169.85,74800000000.0,14500000000.0,14500000000.0,10400000000.0,140.19,69404000000.0,13826000000.0,14169000000.0,9059000000.0,122.12
140120261009548764,CurrentYearDuration,53088000000.0,915000000.0,914000000.0,394000000.0,18.78,53700000000.0,1270000000.0,1220000000.0,920000000.0,43.84,52556000000.0,1196000000.0,1196000000.0,1172000000.0,55.88
140120261009548517,CurrentYearDuration,61099000000.0,290000000.0,324000000.0,-860000000.0,-70.18,62000000000.0,440000000.0,500000000.0,320000000.0,26.04,60447000000.0,285000000.0,382000000.0,11000000.0,0.9
140120261009548416,CurrentYearDuration,8600000000.0,668000000.0,647000000.0,520000000.0,64.12,8200000000.0,520000000.0,487000000.0,368000000.0,45.55,7131000000.0,349000000.0,344000000.0,385000000.0,47.97
140120261007547255,CurrentYearDuration,193000000000.0,36000000000.0,38000000000.0,24000000000.0,288.48,185000000000.0,30000000000.0,32000000000.0,21000000000.0,255.6,160619000000.0,20330000000.0,22354000000.0,14334000000.0,172.11
140120261005546075,CurrentYearDuration,42500000000.0,9300000000.0,9600000000.0,6600000000.0,325.0,39000000000.0,7500000000.0,7700000000.0,5200000000.0,255.5,36265000000.0,6187000000.0,6557000000.0,6887000000.0,336.68
140120261003544979,CurrentYearDuration,10324000000.0,737000000.0,836000000.0,748000000.0,165.56,10800000000.0,1120000000.0,1150000000.0,690000000.0,148.74,10114000000.0,911000000.0,986000000.0,573000000.0,123.64
140120261002545071,CurrentYearDuration,11600000000.0,300000000.0,2300000000.0,2100000000.0,35.67,9400000000.0,300000000.0,1800000000.0,1600000000.0,26.75,10658000000.0,329000000.0,2794000000.0,2638000000.0,44.11
140120261001544896,CurrentYearDuration,117000000000.0,6200000000.0,6100000000.0,4000000000.0,99.07,116000000000.0,5600000000.0,5500000000.0,3900000000.0,96.59,125450000000.0,6718000000.0,6613000000.0,3709000000.0,93.56
140120261006546382,CurrentYearDuration,13805000000.0,2000000000.0,2130000000.0,1480000000.0,208.98,11880000000.0,1355000000.0,1440000000.0,975000000.0,137.67,11439000000.0,1179000000.0,1304000000.0,831000000.0,117.36
140120261008548015,CurrentYearDuration,1229500000000.0,160000000000.0,,120000000000.0,81.35,1239000000000.0,257500000000.0,,193100000000.0,130.91,1131877000000.0,176320000000.0,,135914000000.0,92.14
140120261008547896,CurrentYearDuration,8159000000.0,309000000.0,238000000.0,165000000.0,33.61,8094000000.0,414000000.0,364000000.0,245000000.0,49.76,7902000000.0,130000000.0,-63000000.0,-1139000000.0,
140120261008547656,CurrentYearDuration,2900000000.0,390000000.0,390000000.0,290000000.0,44.66,2800000000.0,330000000.0,330000000.0,250000000.0,34.3,2641000000.0,195000000.0,192000000.0,164000000.0,22.45
140120261008547853,CurrentAccumulatedQ2Duration,5297000000.0,,32000000.0,-55000000.0,-4.61,5000000000.0,,-100000000.0,-70000000.0,-5.93,4875000000.0,,-180000000.0,-206000000.0,-17.44
140120261007547585,CurrentYearDuration,31518000000.0,6399000000.0,6590000000.0,4529000000.0,80.04,30000000000.0,6300000000.0,6450000000.0,4288000000.0,75.86,27453000000.0,5706000000.0,6011000000.0,4078000000.0,70.87
140120261007547479,CurrentYearDuration,97000000000.0,-2800000000.0,-2300000000.0,-5000000000.0,-172.37,97000000000.0,1500000000.0,1900000000.0,100000000.0,3.45,91788000000.0,-3610000000.0,-3067000000.0,-5630000000.0,-194.1
140120261007547224,CurrentYearDuration,13500000000.0,1200000000.0,1300000000.0,950000000.0,72.1,13000000000.0,1000000000.0,1100000000.0,820000000.0,62.33,13419000000.0,1756000000.0,1909000000.0,1303000000.0,98.59
140120261006546903,CurrentYearDuration,66500000000.0,5650000000.0,5550000000.0,3550000000.0,167.77,66000000000.0,5450000000.0,5350000000.0,3450000000.0,163.05,61393000000.0,4938000000.0,4826000000.0,4105000000.0,194.01
140120261007547311,CurrentYearDuration,50000000000.0,2920000000.0,3000000000.0,2000000000.0,316.03,48500000000.0,2660000000.0,2720000000.0,1850000000.0,292.32,48846000000.0,2975000000.0,3044000000.0,2070000000.0,327.11
140120261002545190,CurrentYearDuration,18328000000.0,261000000.0,116000000.0,100000000.0,49.23,18361000000.0,394000000.0,275000000.0,187000000.0,90.78,16643000000.0,180000000.0,151000000.0,335000000.0,162.0
140120261007546971,CurrentYearDuration,4300000000.0,2800000000.0,2800000000.0,1900000000.0,191.13,3600000000.0,2200000000.0,2200000000.0,1500000000.0,145.91,2612000000.0,1340000000.0,1364000000.0,903000000.0,87.91
140120261006546809,CurrentYearDuration,5024000000.0,280000000.0,277000000.0,167000000.0,9.18,5024000000.0,280000000.0,277000000.0,139000000.0,7.63,4719000000.0,160000000.0,169000000.0,189000000.0,10.33
140120261006546783,CurrentYearDuration,403000000000.0,67200000000.0,69800000000.0,47700000000.0,192.64,400800000000.0,65600000000.0,67400000000.0,46400000000.0,187.39,378624000000.0,63287000000.0,67156000000.0,46346000000.0,187.17
140120261006546645,CurrentYearDuration,6700000000.0,-2300000000.0,-1700000000.0,-3650000000.0,-54.72,9000000000.0,-800000000.0,-150000000.0,-240000000.0,-3.6,2508000000.0,-3822000000.0,-3712000000.0,-4057000000.0,-65.84
140120261006546318,CurrentAccumulatedQ2Duration,3375000000.0,175000000.0,175000000.0,120000000.0,42.35,3350000000.0,100000000.0,95000000.0,65000000.0,22.94,3329000000.0,101000000.0,132000000.0,100000000.0,35.6
140120261006546534,CurrentYearDuration,21805000000.0,810000000.0,847000000.0,428000000.0,9.71,24182000000.0,1324000000.0,1321000000.0,660000000.0,15.02,18077000000.0,819000000.0,807000000.0,494000000.0,11.38
140120261005546199,CurrentAccumulatedQ2Duration,79900000000.0,12800000000.0,13700000000.0,9900000000.0,313.19,76000000000.0,10000000000.0,10000000000.0,8000000000.0,253.09,68653000000.0,9303000000.0,10169000000.0,10190000000.0,322.48
140120260929542087,CurrentYearDuration,6364000000.0,163000000.0,147000000.0,32000000.0,40.82,6600000000.0,260000000.0,250000000.0,130000000.0,161.68,6365000000.0,234000000.0,224000000.0,127000000.0,158.8
140120261005545723,CurrentAccumulatedQ2Duration,55064000000.0,330000000.0,314000000.0,187000000.0,30.84,54500000000.0,555000000.0,554000000.0,371000000.0,61.09,52875000000.0,677000000.0,680000000.0,454000000.0,75.24
140120260930543781,CurrentYearDuration,113613000000.0,25061000000.0,22700000000.0,15906000000.0,163.94,122986000000.0,24611000000.0,22000000000.0,15157000000.0,156.31,94688000000.0,22336000000.0,20631000000.0,14754000000.0,152.18
140120261002545326,CurrentYearDuration,85000000000.0,9400000000.0,8950000000.0,8600000000.0,290.46,75500000000.0,7200000000.0,6750000000.0,6000000000.0,203.25,72967000000.0,6118000000.0,6569000000.0,3873000000.0,131.22
140120261001544911,CurrentYearDuration,19880000000.0,-290000000.0,-100000000.0,200000000.0,9.77,20500000000.0,180000000.0,270000000.0,200000000.0,9.77,19444000000.0,-201000000.0,-62000000.0,143000000.0,6.97
140120260930543563,CurrentYearDuration,9350000000.0,80000000.0,120000000.0,80000000.0,23.58,9350000000.0,230000000.0,250000000.0,200000000.0,58.95,9124000000.0,36000000.0,114000000.0,67000000.0,19.77
140120260930543229,CurrentYearDuration,3320000000.0,525000000.0,509000000.0,334000000.0,51.64,2890000000.0,307000000.0,309000000.0,208000000.0,32.08,2711000000.0,156000000.0,215000000.0,144000000.0,22.26
140120260929541751,CurrentAccumulatedQ2Duration,14147000000.0,122000000.0,262000000.0,231000000.0,32.43,14622000000.0,102000000.0,147000000.0,133000000.0,18.78,14255000000.0,202000000.0,247000000.0,215000000.0,30.31
140120260930542522,CurrentYearDuration,2710000000.0,74000000.0,80000000.0,284000000.0,115.48,2800000000.0,100000000.0,120000000.0,100000000.0,39.46,2306000000.0,10000000.0,7000000.0,26000000.0,10.76
140120260925540542,CurrentYearDuration,25000000000.0,200000000.0,200000000.0,150000000.0,11.73,26866000000.0,2500000000.0,2480000000.0,1736000000.0,135.79,24424000000.0,1600000000.0,1641000000.0,1213000000.0,94.92
140120260930543278,CurrentYearDuration,,,56000000000.0,44000000000.0,262.01,,,47500000000.0,32000000000.0,187.72,,,35518000000.0,34728000000.0,198.55
140120260930542900,CurrentYearDuration,2300000000.0,201000000.0,201000000.0,-113000000.0,-69.43,2649000000.0,331000000.0,331000000.0,212000000.0,129.95,2137000000.0,358000000.0,368000000.0,129000000.0,80.18
140120260928541261,CurrentAccumulatedQ2Duration,5835000000.0,-10000000.0,24000000.0,-8000000.0,-1.59,6100000000.0,70000000.0,100000000.0,60000000.0,10.94,5197000000.0,-34000000.0,-2000000.0,-16000000.0,-3.1
140120260925540038,CurrentYearDuration,14500000000.0,260000000.0,245000000.0,140000000.0,48.61,13600000000.0,200000000.0,180000000.0,80000000.0,27.78,13066000000.0,145000000.0,141000000.0,9000000.0,4.12
140120260917537637,CurrentYearDuration,5811000000.0,846000000.0,880000000.0,481000000.0,22.84,8014000000.0,760000000.0,766000000.0,531000000.0,24.59,9272000000.0,1920000000.0,1922000000.0,1325000000.0,61.36
140120260903531401,CurrentYearDuration,38800000000.0,860000000.0,1150000000.0,750000000.0,52.41,38700000000.0,710000000.0,910000000.0,570000000.0,39.92,38574000000.0,585000000.0,829000000.0,327000000.0,23.1
140120260929542085,CurrentAccumulatedQ2Duration,5956000000.0,199000000.0,201000000.0,158000000.0,11.08,6135000000.0,141000000.0,140000000.0,72000000.0,3.71,5958000000.0,227000000.0,244000000.0,176000000.0,12.89
140120260928541317,CurrentYearDuration,13200000000.0,2000000000.0,2100000000.0,1500000000.0,69.79,12500000000.0,1900000000.0,2000000000.0,1450000000.0,67.53,11022000000.0,1701000000.0,1794000000.0,1441000000.0,196.75
140120260929542337,CurrentAccumulatedQ2Duration,2000000000.0,145000000.0,115000000.0,85000000.0,2.84,2200000000.0,160000000.0,50000000.0,30000000.0,1.0,1919000000.0,132000000.0,36000000.0,31000000.0,1.06
140120260928541396,CurrentYearDuration,30000000000.0,600000000.0,600000000.0,350000000.0,63.89,30000000000.0,500000000.0,550000000.0,350000000.0,63.89,31867000000.0,619000000.0,637000000.0,400000000.0,73.04
140120260929541978,CurrentAccumulatedQ2Duration,14300000000.0,-200000000.0,-200000000.0,110000000.0,84.7,15800000000.0,200000000.0,180000000.0,500000000.0,373.79,11836000000.0,226000000.0,203000000.0,207000000.0,157.34
140120260928541416,CurrentYearDuration,180800000000.0,300000000.0,-800000000.0,,,161600000000.0,1400000000.0,800000000.0,500000000.0,20.13,167092000000.0,3739000000.0,2865000000.0,3580000000.0,144.16
140120260928541331,CurrentAccumulatedQ2Duration,68800000000.0,10100000000.0,10200000000.0,3900000000.0,50.51,69500000000.0,9500000000.0,9600000000.0,6500000000.0,84.19,68352000000.0,10063000000.0,10172000000.0,6933000000.0,89.8
140120260925540553,CurrentYearDuration,57000000000.0,3900000000.0,,,,51000000000.0,3900000000.0,,,,51324000000.0,4026000000.0,,,
140120260925540398,CurrentYearDuration,93000000000.0,12000000000.0,12300000000.0,8200000000.0,436.39,90000000000.0,8500000000.0,8700000000.0,6100000000.0,324.63,80081000000.0,7579000000.0,7956000000.0,3326000000.0,177.05
140120260928541099,CurrentYearDuration,6600000000.0,500000000.0,490000000.0,150000000.0,28.18,6600000000.0,500000000.0,490000000.0,340000000.0,63.87,5485000000.0,155000000.0,144000000.0,126000000.0,23.73
140120260925540152,CurrentYearDuration,128000000000.0,20100000000.0,20400000000.0,13300000000.0,176.3,126000000000.0,19500000000.0,19700000000.0,13100000000.0,173.76,117813000000.0,19073000000.0,19326000000.0,13009000000.0,170.49
140120260928541008,CurrentAccumulatedQ2Duration,230000000000.0,13500000000.0,13500000000.0,9000000000.0,205.85,200000000000.0,7800000000.0,8000000000.0,5000000000.0,114.36,196435000000.0,8710000000.0,8917000000.0,6671000000.0,151.94
140120260928540999,CurrentYearDuration,20400000000.0,2290000000.0,2350000000.0,1700000000.0,157.67,15000000000.0,1200000000.0,1270000000.0,890000000.0,82.63,14656000000.0,1664000000.0,1792000000.0,1230000000.0,113.71
140120260924539798,CurrentYearDuration,49000000000.0,600000000.0,700000000.0,1010000000.0,45.08,49000000000.0,600000000.0,700000000.0,500000000.0,22.32,48192000000.0,444000000.0,630000000.0,1042000000.0,46.53
140120260918538488,CurrentAccumulatedQ2Duration,5400000000.0,170000000.0,170000000.0,110000000.0,3.88,5300000000.0,-100000000.0,-110000000.0,-120000000.0,-4.23,5065000000.0,-132000000.0,-131000000.0,-90000000.0,-3.2
140120260925540232,CurrentYearDuration,43500000000.0,2000000000.0,2000000000.0,1000000000.0,15.73,42500000000.0,1600000000.0,1600000000.0,800000000.0,12.58,42233000000.0,1377000000.0,1355000000.0,867000000.0,13.65
140120260924539251,CurrentYearDuration,61500000000.0,1560000000.0,1530000000.0,200000000.0,17.8,61500000000.0,1680000000.0,1630000000.0,1200000000.0,106.84,58570000000.0,1308000000.0,1287000000.0,979000000.0,86.85
140120260916537214,CurrentYearDuration,1025000000000.0,61000000000.0,46000000000.0,33000000000.0,153.83,970000000000.0,48000000000.0,30000000000.0,22000000000.0,100.27,855983000000.0,73238000000.0,61348000000.0,43998000000.0,207.4
140120260925539974,CurrentYearDuration,12878000000.0,875000000.0,763000000.0,785000000.0,61.59,12300000000.0,850000000.0,745000000.0,520000000.0,40.8,11288000000.0,765000000.0,647000000.0,436000000.0,34.27
140120260924539396,CurrentYearDuration,250800000000.0,1300000000.0,1300000000.0,50000000.0,1.23,255500000000.0,2100000000.0,2100000000.0,650000000.0,15.98,252655000000.0,1878000000.0,1973000000.0,264000000.0,6.44
140120260918538718,CurrentYearDuration,134800000000.0,,29600000000.0,20000000000.0,102.88,117600000000.0,,26000000000.0,17600000000.0,90.54,95363000000.0,,21825000000.0,15527000000.0,79.36
140120260924539188,CurrentYearDuration,760000000000.0,32000000000.0,32000000000.0,29000000000.0,608.35,660000000000.0,30000000000.0,30000000000.0,22000000000.0,461.61,658941000000.0,27824000000.0,29930000000.0,31099000000.0,627.71
140120260914536153,CurrentYearDuration,,,24500000000.0,17000000000.0,163.79,,,21400000000.0,15000000000.0,144.14,,,16647000000.0,12349000000.0,118.61
140120260917538010,CurrentYearDuration,147200000000.0,,23800000000.0,16000000000.0,64.01,104200000000.0,,19600000000.0,13000000000.0,52.03,92465000000.0,,17090000000.0,12353000000.0,49.44
140120260924539535,CurrentYearDuration,37100000000.0,-2050000000.0,200000000.0,-1800000000.0,-32.96,41850000000.0,2050000000.0,4200000000.0,2250000000.0,41.21,36645000000.0,-660000000.0,1679000000.0,1473000000.0,26.99
140120260918538307,CurrentYearDuration,3356000000.0,660000000.0,651000000.0,428000000.0,77.78,5656000000.0,740000000.0,730000000.0,440000000.0,80.18,,,,,
140120260924539536,CurrentAccumulatedQ2Duration,22270000000.0,,3400000000.0,2300000000.0,35.03,22270000000.0,,1930000000.0,1350000000.0,20.56,21754000000.0,,2674000000.0,1999000000.0,30.46
140120260924539360,CurrentAccumulatedQ2Duration,720000000000.0,49500000000.0,60500000000.0,58000000000.0,82.45,720000000000.0,49500000000.0,60500000000.0,42500000000.0,60.41,610658000000.0,19134000000.0,20279000000.0,12852000000.0,18.25
140120260924539220,CurrentYearDuration,15600000000.0,6150000000.0,6200000000.0,4250000000.0,50.86,16000000000.0,6380000000.0,6430000000.0,4400000000.0,52.39,14510000000.0,5978000000.0,5997000000.0,4130000000.0,49.2
140120260918538971,CurrentYearDuration,252500000000.0,154500000000.0,156500000000.0,105000000000.0,102.9,241500000000.0,145500000000.0,147000000000.0,98500000000.0,96.53,198735000000.0,116289000000.0,116918000000.0,79139000000.0,76.81
140120260917538104,CurrentAccumulatedQ2Duration,9500000000.0,550000000.0,600000000.0,400000000.0,22.22,10000000000.0,800000000.0,850000000.0,600000000.0,33.66,9665000000.0,643000000.0,707000000.0,441000000.0,24.46
140120260918538800,CurrentAccumulatedQ2Duration,6154000000.0,384000000.0,379000000.0,230000000.0,26.54,5811000000.0,281000000.0,270000000.0,173000000.0,19.87,7236000000.0,693000000.0,701000000.0,478000000.0,55.28
140120260918538568,CurrentYearDuration,4109000000.0,-215000000.0,-205000000.0,-303000000.0,-45.53,3626000000.0,-70000000.0,-68000000.0,-69000000.0,-10.4,3178000000.0,-76000000.0,-72000000.0,-102000000.0,-15.39
140120260917537653,CurrentAccumulatedQ2Duration,15836000000.0,424000000.0,520000000.0,351000000.0,102.53,13540000000.0,208000000.0,303000000.0,204000000.0,59.75,13363000000.0,240000000.0,359000000.0,241000000.0,70.84
140120260916536942,CurrentYearDuration,12000000000.0,1220000000.0,1290000000.0,900000000.0,75.28,11000000000.0,1100000000.0,1150000000.0,800000000.0,66.92,11341000000.0,1071000000.0,1146000000.0,776000000.0,64.9
140120260827526904,CurrentYearDuration,,,,,,,,,,,,,,,
140120260917537655,CurrentYearDuration,31800000000.0,2300000000.0,2400000000.0,2600000000.0,63.21,28875000000.0,1335000000.0,1539000000.0,1604000000.0,38.99,25046000000.0,-695000000.0,267000000.0,-3406000000.0,-82.81
140120260917538058,CurrentYearDuration,10597000000.0,1066000000.0,1089000000.0,709000000.0,305.37,9500000000.0,680000000.0,680000000.0,480000000.0,206.79,8677000000.0,616000000.0,651000000.0,448000000.0,193.15
140120260917538051,CurrentYearDuration,7200000000.0,550000000.0,430000000.0,3000000000.0,195.19,9000000000.0,720000000.0,550000000.0,500000000.0,32.8,8780000000.0,549000000.0,412000000.0,742000000.0,48.73
140120260917538054,CurrentYearDuration,163700000000.0,27600000000.0,25700000000.0,16600000000.0,676.5,150000000000.0,26500000000.0,24000000000.0,16500000000.0,672.42,96501000000.0,18933000000.0,17134000000.0,10250000000.0,520.37
140120260917537866,CurrentYearDuration,68700000000.0,300000000.0,600000000.0,300000000.0,11.32,69600000000.0,1200000000.0,1500000000.0,900000000.0,33.22,51103000000.0,923000000.0,1113000000.0,1275000000.0,47.08
140120260916537388,CurrentYearDuration,46016000000.0,932000000.0,1094000000.0,803000000.0,62.28,35856000000.0,769000000.0,930000000.0,615000000.0,47.96,40809000000.0,568000000.0,558000000.0,787000000.0,61.35
140120260909533584,CurrentYearDuration,25300000000.0,1880000000.0,1930000000.0,1220000000.0,97.62,24122000000.0,1203000000.0,1226000000.0,785000000.0,62.83,23667000000.0,1575000000.0,1596000000.0,1006000000.0,80.57
140120260915536765,CurrentYearDuration,442000000.0,-800000000.0,-796000000.0,-799000000.0,-103.52,332000000.0,-1018000000.0,-1018000000.0,-1020000000.0,-139.85,72000000.0,-909000000.0,-914000000.0,-916000000.0,-133.92
140120260916537098,CurrentYearDuration,2728000000.0,683000000.0,685000000.0,670000000.0,54.62,2753000000.0,690000000.0,692000000.0,480000000.0,39.25,2533000000.0,607000000.0,616000000.0,518000000.0,43.85
140120260915536475,CurrentYearDuration,5900000000.0,800000000.0,800000000.0,520000000.0,61.95,5800000000.0,700000000.0,700000000.0,450000000.0,107.66,5658000000.0,1021000000.0,1011000000.0,542000000.0,129.89
140120260915536407,CurrentAccumulatedQ2Duration,8570000000.0,820000000.0,840000000.0,590000000.0,106.31,8120000000.0,311000000.0,322000000.0,222000000.0,40.01,10595000000.0,1686000000.0,1685000000.0,1159000000.0,202.46
140120260916537160,CurrentYearDuration,115000000000.0,2350000000.0,2700000000.0,1900000000.0,238.36,110000000000.0,1800000000.0,2100000000.0,1500000000.0,188.17,120327000000.0,2763000000.0,3054000000.0,2130000000.0,267.25
140120260916536930,CurrentYearDuration,18000000000.0,1900000000.0,2200000000.0,1450000000.0,119.06,18000000000.0,1700000000.0,2000000000.0,1350000000.0,110.85,17075000000.0,1602000000.0,1954000000.0,1340000000.0,110.1
140120260915536821,CurrentYearDuration,4670000000.0,506000000.0,537000000.0,381000000.0,113.85,4657000000.0,413000000.0,444000000.0,272000000.0,81.28,5086000000.0,774000000.0,870000000.0,600000000.0,183.91
140120260915536788,CurrentYearDuration,10500000000.0,-415000000.0,-500000000.0,-670000000.0,-22.02,13200000000.0,350000000.0,250000000.0,127000000.0,4.22,10031000000.0,133000000.0,49000000.0,46000000.0,1.54
140120260914536112,CurrentYearDuration,14000000000.0,110000000.0,95000000.0,25000000.0,2.1,14650000000.0,245000000.0,225000000.0,100000000.0,8.31,14082000000.0,190000000.0,177000000.0,21000000.0,1.78
140120260914536068,CurrentYearDuration,461600000000.0,38800000000.0,38400000000.0,21400000000.0,67.36,465000000000.0,38500000000.0,38100000000.0,22200000000.0,69.87,444820000000.0,36231000000.0,35107000000.0,15097000000.0,45.63
140120260914536205,CurrentYearDuration,1475000000.0,143000000.0,144000000.0,81000000.0,31.9,1475000000.0,163000000.0,164000000.0,101000000.0,39.69,1461000000.0,135000000.0,136000000.0,86000000.0,33.3
140120260914535943,CurrentYearDuration,1475000000.0,143000000.0,143000000.0,81000000.0,31.9,1475000000.0,163000000.0,164000000.0,101000000.0,39.69,1461000000.0,135000000.0,136000000.0,86000000.0,33.3
140120260914535679,CurrentYearDuration,55000000000.0,3874000000.0,4000000000.0,2566000000.0,289.75,52000000000.0,3265000000.0,3450000000.0,2183000000.0,246.49,49635000000.0,2961000000.0,3054000000.0,2175000000.0,245.07
140120260911534859,CurrentYearDuration,48000000000.0,890000000.0,820000000.0,400000000.0,67.55,44500000000.0,680000000.0,610000000.0,230000000.0,38.84,21489000000.0,288000000.0,308000000.0,152000000.0,25.86
140120260910533968,CurrentYearDuration,,,,,,,,,,,,,,,
140120260909533331,CurrentYearDuration,8300000000.0,650000000.0,690000000.0,480000000.0,198.47,8200000000.0,690000000.0,730000000.0,510000000.0,211.06,7972000000.0,818000000.0,881000000.0,500000000.0,207.15
140120260909533830,CurrentYearDuration,8500000000.0,480000000.0,390000000.0,180000000.0,29.35,8500000000.0,460000000.0,370000000.0,100000000.0,16.3,8958000000.0,431000000.0,346000000.0,-168000000.0,-27.47
140120260914535617,CurrentYearDuration,2503000000.0,583000000.0,717000000.0,481000000.0,215.9,2484000000.0,562000000.0,662000000.0,451000000.0,202.7,2406000000.0,549000000.0,652000000.0,448000000.0,201.13
140120260910534173,CurrentAccumulatedQ2Duration,4057000000.0,58000000.0,60000000.0,29000000.0,5.07,3964000000.0,45000000.0,52000000.0,31000000.0,5.47,3777000000.0,12000000.0,21000000.0,4000000.0,0.86
140120260910534135,CurrentYearDuration,65700000000.0,4500000000.0,4600000000.0,3400000000.0,359.89,62500000000.0,3000000000.0,3000000000.0,2000000000.0,211.7,58415000000.0,2688000000.0,2545000000.0,3128000000.0,338.25
140120260909533498,CurrentYearDuration,111000000000.0,8600000000.0,8500000000.0,6200000000.0,261.38,110000000000.0,6200000000.0,6200000000.0,4500000000.0,189.84,117312000000.0,9230000000.0,10219000000.0,8071000000.0,319.92
140120260910534609,CurrentYearDuration,5376000000.0,-42000000.0,-51000000.0,-139000000.0,-127.98,5515000000.0,-16000000.0,-23000000.0,-91000000.0,-83.75,5279000000.0,72000000.0,69000000.0,202000000.0,186.42
140120260910534262,CurrentYearDuration,6975000000.0,,810000000.0,576000000.0,436.33,6380000000.0,,655000000.0,467000000.0,353.93,6104000000.0,,612000000.0,436000000.0,329.93
140120260909533613,CurrentYearDuration,18101000000.0,1443000000.0,1491000000.0,1069000000.0,133.92,16666000000.0,1155000000.0,1206000000.0,945000000.0,118.41,15651000000.0,1140000000.0,1184000000.0,890000000.0,110.62
140120260911534761,CurrentYearDuration,43000000000.0,1650000000.0,1600000000.0,3800000000.0,969.43,43000000000.0,1800000000.0,1750000000.0,1100000000.0,280.62,41266000000.0,1080000000.0,1173000000.0,743000000.0,184.32
140120260909533864,CurrentYearDuration,22000000000.0,2900000000.0,2870000000.0,1903000000.0,230.5,19730000000.0,2800000000.0,2782000000.0,1870000000.0,226.5,17927000000.0,2230000000.0,2223000000.0,1632000000.0,197.49
140120260902530557,CurrentYearDuration,8075000000.0,801000000.0,756000000.0,676000000.0,36.15,7319000000.0,731000000.0,684000000.0,497000000.0,26.64,6443000000.0,785000000.0,759000000.0,518000000.0,27.8
140120260910533927,CurrentYearDuration,8250000000.0,1460000000.0,1389000000.0,1206000000.0,55.28,8250000000.0,1400000000.0,1336000000.0,966000000.0,43.29,7634000000.0,1853000000.0,1812000000.0,1171000000.0,49.34
140120260909533690,CurrentYearDuration,34000000000.0,3000000000.0,2790000000.0,1950000000.0,88.22,34000000000.0,1500000000.0,1400000000.0,600000000.0,26.34,28104000000.0,3099000000.0,3029000000.0,1779000000.0,79.47
140120260909533712,CurrentYearDuration,511000000000.0,21000000000.0,21500000000.0,14000000000.0,89.61,511000000000.0,21000000000.0,21500000000.0,10000000000.0,64.02,502339000000.0,26401000000.0,29327000000.0,13920000000.0,89.07
140120260902530567,CurrentYearDuration,10843000000.0,462000000.0,424000000.0,217000000.0,53.8,10843000000.0,228000000.0,174000000.0,114000000.0,28.28,9955000000.0,-309000000.0,-317000000.0,-465000000.0,-115.33
140120260825525973,CurrentYearDuration,63200000000.0,2600000000.0,2400000000.0,1950000000.0,67.14,67000000000.0,2000000000.0,2000000000.0,1500000000.0,51.65,65260000000.0,2367000000.0,2553000000.0,368000000.0,12.83
140120260907532503,CurrentYearDuration,102147000000.0,1970000000.0,2207000000.0,1167000000.0,139.67,103999000000.0,2302000000.0,2508000000.0,1348000000.0,161.33,100952000000.0,2155000000.0,2417000000.0,1324000000.0,157.74
140120260908532925,CurrentYearDuration,35000000000.0,1600000000.0,1250000000.0,680000000.0,73.25,30000000000.0,1450000000.0,1100000000.0,600000000.0,69.52,10382000000.0,184000000.0,160000000.0,58000000.0,9.16
