disclosure_id,code,disclosed_at,n_q,period_end,scope,cum_sales,cum_op,cum_ordinary,cum_net,prior_sales,prior_op,prior_ordinary,prior_net
140120261001544712,1376,2026-10-05T13:00,1,2026-08-31,ConsolidatedMember,15695000000.0,412000000.0,493000000.0,535000000.0,15538000000.0,387000000.0,439000000.0,301000000.0
140120260930543256,1377,2026-10-06T15:30,1,2026-08-31,ConsolidatedMember,24670000000.0,3387000000.0,3671000000.0,2239000000.0,23005000000.0,4462000000.0,4866000000.0,3637000000.0
140120260914535883,1383,2026-09-14T15:30,3,2026-07-31,ConsolidatedMember,5271000000.0,39000000.0,49000000.0,37000000.0,4797000000.0,-220000000.0,-212000000.0,-70000000.0
140120260909533607,1433,2026-09-09T15:30,2,2026-07-31,ConsolidatedMember,5895000000.0,574000000.0,609000000.0,99000000.0,5100000000.0,226000000.0,215000000.0,220000000.0
140120260925540547,1723,2026-09-28T16:00,1,2026-06-30,ConsolidatedMember,8696000000.0,1756000000.0,1911000000.0,1298000000.0,8424000000.0,1259000000.0,1353000000.0,931000000.0
140120260910533907,1758,2026-09-10T15:30,2,2026-07-31,NonConsolidatedMember,7346000000.0,425000000.0,477000000.0,321000000.0,7500000000.0,345000000.0,390000000.0,272000000.0
140120260911534851,1766,2026-09-11T16:00,1,2026-07-31,ConsolidatedMember,94809000000.0,4574000000.0,4749000000.0,3182000000.0,93477000000.0,5614000000.0,5753000000.0,4217000000.0
140120260914535793,1840,2026-09-14T15:30,3,2026-07-31,ConsolidatedMember,19576000000.0,-1707000000.0,-1654000000.0,-1163000000.0,18430000000.0,-1317000000.0,-1295000000.0,-1043000000.0
140120260902530581,1844,2026-09-11T16:00,4,2026-07-31,ConsolidatedMember,8075000000.0,801000000.0,756000000.0,676000000.0,6443000000.0,785000000.0,759000000.0,518000000.0
140120260909533772,1928,2026-09-10T12:00,2,2026-07-31,ConsolidatedMember,1965644000000.0,180370000000.0,169081000000.0,125053000000.0,2015408000000.0,155473000000.0,136600000000.0,101603000000.0
140120261008547970,1997,2026-10-09T15:00,4,2026-08-31,NonConsolidatedMember,10129000000.0,1437000000.0,1504000000.0,1070000000.0,9135000000.0,1126000000.0,1160000000.0,796000000.0
140120260910534027,211A,2026-09-11T14:00,4,2026-07-31,NonConsolidatedMember,5883000000.0,457000000.0,449000000.0,314000000.0,7587000000.0,937000000.0,937000000.0,658000000.0
140120260914535612,212A,2026-09-14T16:00,3,2026-07-31,NonConsolidatedMember,10623000000.0,2507000000.0,2535000000.0,1725000000.0,6881000000.0,1774000000.0,1777000000.0,1184000000.0
140120261009548315,2157,2026-10-09T15:30,4,2026-08-31,ConsolidatedMember,80401000000.0,10771000000.0,11003000000.0,6346000000.0,69387000000.0,11392000000.0,11598000000.0,5258000000.0
140120260820523664,2163,2026-09-10T14:00,2,2026-07-31,ConsolidatedMember,7075000000.0,1217000000.0,1222000000.0,815000000.0,,,,
140120260826526490,2198,2026-09-10T15:00,3,2026-07-31,ConsolidatedMember,17016000000.0,1028000000.0,1148000000.0,798000000.0,15861000000.0,717000000.0,753000000.0,437000000.0
140120260910533928,2217,2026-09-11T15:30,2,2026-07-31,ConsolidatedMember,16355000000.0,50000000.0,136000000.0,59000000.0,16192000000.0,424000000.0,468000000.0,271000000.0
140120260908532911,2294,2026-09-09T15:30,1,2026-07-31,ConsolidatedMember,8446000000.0,65000000.0,87000000.0,16000000.0,8657000000.0,239000000.0,253000000.0,147000000.0
140120261005545843,2300,2026-10-05T14:00,2,2026-08-31,NonConsolidatedMember,2976000000.0,247000000.0,288000000.0,207000000.0,3130000000.0,309000000.0,355000000.0,245000000.0
140120260908533240,2301,2026-09-14T15:30,3,2026-07-31,NonConsolidatedMember,7681000000.0,964000000.0,1135000000.0,784000000.0,7063000000.0,848000000.0,1088000000.0,769000000.0
140120261006546678,2303,2026-10-08T14:00,1,2026-08-31,NonConsolidatedMember,325000000.0,101000000.0,106000000.0,72000000.0,303000000.0,80000000.0,84000000.0,59000000.0
140120260914535558,2315,2026-09-14T15:30,3,2026-07-31,ConsolidatedMember,4693000000.0,111000000.0,-12000000.0,-126000000.0,3840000000.0,66000000.0,74000000.0,588000000.0
140120260924539705,2341,2026-10-08T15:30,2,2026-08-31,ConsolidatedMember,2441000000.0,151000000.0,156000000.0,115000000.0,2404000000.0,82000000.0,80000000.0,63000000.0
140120260914536133,2345,2026-09-14T16:30,3,2026-07-31,ConsolidatedMember,59000000.0,-303000000.0,-276000000.0,-347000000.0,19000000.0,-373000000.0,-357000000.0,-1054000000.0
140120260910534569,2353,2026-09-11T15:30,4,2026-07-31,ConsolidatedMember,40707000000.0,8515000000.0,8906000000.0,5801000000.0,36832000000.0,7659000000.0,7832000000.0,4799000000.0
140120260929541700,2354,2026-09-30T16:00,2,2026-08-31,ConsolidatedMember,9527000000.0,568000000.0,615000000.0,361000000.0,9665000000.0,643000000.0,707000000.0,441000000.0
140120260828528001,2373,2026-09-11T15:30,3,2026-07-31,ConsolidatedMember,37742000000.0,984000000.0,846000000.0,129000000.0,35918000000.0,386000000.0,185000000.0,226000000.0
140120260909533754,2375,2026-09-10T15:30,3,2026-07-31,ConsolidatedMember,17326000000.0,370000000.0,160000000.0,9000000.0,16712000000.0,-193000000.0,-284000000.0,185000000.0
140120260911534911,2391,2026-09-14T15:40,4,2026-07-31,NonConsolidatedMember,3148000000.0,557000000.0,595000000.0,412000000.0,3162000000.0,564000000.0,592000000.0,400000000.0
140120261006546386,2408,2026-10-08T15:30,3,2026-09-20,ConsolidatedMember,2276000000.0,400000000.0,421000000.0,391000000.0,1995000000.0,247000000.0,260000000.0,179000000.0
140120260912535385,2424,2026-09-14T15:50,4,2026-07-31,ConsolidatedMember,14315000000.0,588000000.0,549000000.0,265000000.0,13562000000.0,751000000.0,765000000.0,412000000.0
140120261001544401,2493,2026-10-01T15:30,3,2026-08-31,ConsolidatedMember,4905000000.0,44000000.0,70000000.0,-12000000.0,4742000000.0,64000000.0,80000000.0,18000000.0
140120261005545888,2659,2026-10-06T15:00,2,2026-08-31,ConsolidatedMember,129929000000.0,9849000000.0,10219000000.0,6414000000.0,122216000000.0,8706000000.0,9106000000.0,5874000000.0
140120261008547906,2669,2026-10-09T15:30,2,2026-08-31,NonConsolidatedMember,44353000000.0,1587000000.0,1646000000.0,925000000.0,42892000000.0,1129000000.0,1161000000.0,686000000.0
140120261006546823,2670,2026-10-07T15:30,2,2026-08-31,ConsolidatedMember,202298000000.0,36131000000.0,37971000000.0,25931000000.0,190132000000.0,33644000000.0,35924000000.0,24336000000.0
140120260915536496,2678,2026-09-15T15:30,1,2026-08-20,ConsolidatedMember,112345000000.0,-418000000.0,-452000000.0,-508000000.0,122324000000.0,1053000000.0,938000000.0,344000000.0
140120260929542307,2685,2026-09-30T15:30,2,2026-08-31,ConsolidatedMember,152110000000.0,10731000000.0,11066000000.0,5951000000.0,149345000000.0,7973000000.0,7790000000.0,5987000000.0
140120261009548763,2687,2026-10-09T15:30,2,2026-08-31,ConsolidatedMember,4024000000.0,77000000.0,81000000.0,62000000.0,3974000000.0,22000000.0,46000000.0,-66000000.0
140120260910534371,2695,2026-09-11T15:30,3,2026-07-31,ConsolidatedMember,189684000000.0,2845000000.0,3469000000.0,2030000000.0,181677000000.0,5189000000.0,5571000000.0,3461000000.0
140120261008548129,2698,2026-10-09T15:30,2,2026-08-31,ConsolidatedMember,44743000000.0,997000000.0,952000000.0,480000000.0,43372000000.0,1324000000.0,1322000000.0,725000000.0
140120260930542585,2722,2026-10-09T15:30,1,2026-08-31,ConsolidatedMember,3069000000.0,-54000000.0,-61000000.0,-36000000.0,3676000000.0,68000000.0,63000000.0,35000000.0
140120261005546065,2726,2026-10-06T15:30,2,2026-08-31,ConsolidatedMember,121931000000.0,14254000000.0,14216000000.0,9428000000.0,117082000000.0,14095000000.0,14069000000.0,9186000000.0
140120261005546285,2734,2026-10-06T16:30,3,2026-08-31,ConsolidatedMember,193460000000.0,8168000000.0,9599000000.0,6318000000.0,186927000000.0,6090000000.0,7265000000.0,5035000000.0
140120260925539958,2742,2026-09-25T15:30,2,2026-08-31,NonConsolidatedMember,119023000000.0,5708000000.0,5754000000.0,4135000000.0,111549000000.0,5858000000.0,5905000000.0,4085000000.0
140120261009548276,2747,2026-10-09T15:00,2,2026-08-31,NonConsolidatedMember,18338000000.0,7000000.0,-11000000.0,-33000000.0,18483000000.0,57000000.0,47000000.0,22000000.0
140120260908533128,2751,2026-09-09T16:00,1,2026-07-31,ConsolidatedMember,14097000000.0,427000000.0,451000000.0,345000000.0,11978000000.0,715000000.0,774000000.0,496000000.0
140120260926540626,2753,2026-10-05T09:00,2,2026-09-30,ConsolidatedMember,19960000000.0,847000000.0,901000000.0,362000000.0,18136000000.0,986000000.0,1035000000.0,540000000.0
140120260910534509,2776,2026-09-14T15:00,2,2026-07-31,ConsolidatedMember,31323000000.0,412000000.0,394000000.0,48000000.0,9970000000.0,-7000000.0,-61000000.0,-128000000.0
140120260924539807,2778,2026-09-25T15:30,2,2026-08-20,ConsolidatedMember,6838000000.0,71000000.0,58000000.0,15000000.0,7174000000.0,181000000.0,175000000.0,113000000.0
140120261002545369,2789,2026-10-05T15:30,2,2026-08-31,ConsolidatedMember,3989000000.0,211000000.0,215000000.0,83000000.0,3935000000.0,264000000.0,262000000.0,245000000.0
140120260928540923,2792,2026-09-29T15:30,1,2026-08-31,ConsolidatedMember,12968000000.0,590000000.0,693000000.0,375000000.0,13899000000.0,1205000000.0,1272000000.0,792000000.0
140120260916537124,2796,2026-09-17T16:30,1,2026-08-31,ConsolidatedMember,17242000000.0,68000000.0,79000000.0,-36000000.0,16753000000.0,152000000.0,115000000.0,-18000000.0
140120261005546139,2809,2026-10-08T15:30,3,2026-08-31,ConsolidatedMember,397119000000.0,31658000000.0,34315000000.0,21311000000.0,383424000000.0,27062000000.0,29218000000.0,26055000000.0
140120261006546861,2918,2026-10-07T15:30,2,2026-08-31,ConsolidatedMember,120853000000.0,3969000000.0,4203000000.0,2638000000.0,119634000000.0,5289000000.0,5237000000.0,4000000000.0
140120260909533499,2923,2026-09-10T15:30,1,2026-07-31,ConsolidatedMember,7996000000.0,107000000.0,150000000.0,101000000.0,8941000000.0,864000000.0,974000000.0,1067000000.0
140120260909533854,2929,2026-09-11T13:30,4,2026-07-31,ConsolidatedMember,63223000000.0,2632000000.0,2440000000.0,1988000000.0,65260000000.0,2367000000.0,2553000000.0,368000000.0
140120260930542803,2935,2026-09-30T15:50,2,2026-08-31,ConsolidatedMember,21516000000.0,1225000000.0,1271000000.0,847000000.0,22321000000.0,1569000000.0,1623000000.0,1102000000.0
140120260928541539,2975,2026-09-30T15:30,3,2026-08-31,ConsolidatedMember,65228000000.0,9768000000.0,8893000000.0,6079000000.0,48536000000.0,5836000000.0,4995000000.0,3429000000.0
140120260911534965,2991,2026-09-11T14:00,4,2026-07-31,ConsolidatedMember,109953000000.0,3821000000.0,3274000000.0,2369000000.0,95992000000.0,3744000000.0,3311000000.0,2384000000.0
140120261009548609,2999,2026-10-09T15:30,4,2026-08-31,NonConsolidatedMember,19226000000.0,1054000000.0,803000000.0,569000000.0,17364000000.0,563000000.0,405000000.0,387000000.0
140120260923539086,3035,2026-10-02T14:00,4,2026-08-20,ConsolidatedMember,20192000000.0,557000000.0,648000000.0,489000000.0,18927000000.0,426000000.0,515000000.0,332000000.0
140120260910534088,3038,2026-09-11T15:30,3,2026-07-31,ConsolidatedMember,432933000000.0,31316000000.0,34567000000.0,23354000000.0,411553000000.0,30339000000.0,38249000000.0,26199000000.0
140120260928541531,3038,2026-09-29T16:30,3,2026-07-31,ConsolidatedMember,432933000000.0,31316000000.0,34567000000.0,23354000000.0,411553000000.0,30339000000.0,38249000000.0,26199000000.0
140120261009548555,3046,2026-10-09T16:00,4,2026-08-31,ConsolidatedMember,111220000000.0,11454000000.0,11510000000.0,7797000000.0,97215000000.0,12093000000.0,12121000000.0,8330000000.0
140120261008548252,3048,2026-10-09T12:00,4,2026-08-31,ConsolidatedMember,1041165000000.0,37664000000.0,38911000000.0,20353000000.0,974483000000.0,30274000000.0,31929000000.0,17476000000.0
140120260929541616,3050,2026-09-29T15:30,2,2026-08-31,ConsolidatedMember,304348000000.0,21149000000.0,20205000000.0,11598000000.0,280329000000.0,20843000000.0,19929000000.0,12136000000.0
140120260904532061,3071,2026-09-08T15:00,2,2026-07-31,ConsolidatedMember,16922000000.0,169000000.0,167000000.0,99000000.0,16292000000.0,68000000.0,67000000.0,-6000000.0
140120260929542396,3089,2026-09-30T15:30,3,2026-08-31,ConsolidatedMember,3032000000.0,147000000.0,158000000.0,105000000.0,3030000000.0,466000000.0,479000000.0,332000000.0
140120260911535098,3121,2026-09-11T16:00,3,2026-07-31,ConsolidatedMember,1957000000.0,347000000.0,7000000.0,11000000.0,2357000000.0,268000000.0,38000000.0,25000000.0
140120260914535693,3134,2026-09-14T15:30,1,2026-07-31,ConsolidatedMember,4610000000.0,-14000000.0,-12000000.0,59000000.0,5290000000.0,171000000.0,94000000.0,25000000.0
140120261002545520,3148,2026-10-05T15:30,1,2026-08-31,ConsolidatedMember,129540000000.0,5404000000.0,5630000000.0,3788000000.0,121586000000.0,5633000000.0,5908000000.0,3996000000.0
140120260911535057,3159,2026-09-11T15:30,2,2026-07-31,ConsolidatedMember,90224000000.0,3070000000.0,2987000000.0,2019000000.0,92517000000.0,2840000000.0,2805000000.0,2044000000.0
140120260918538541,3160,2026-09-24T15:30,1,2026-08-31,ConsolidatedMember,20603000000.0,-3000000.0,9000000.0,-9000000.0,18825000000.0,42000000.0,31000000.0,4000000.0
140120260909533773,3161,2026-09-11T16:30,1,2026-07-31,ConsolidatedMember,2213000000.0,69000000.0,69000000.0,38000000.0,1842000000.0,-14000000.0,-7000000.0,-8000000.0
140120260914535644,3169,2026-09-14T16:00,2,2026-07-31,NonConsolidatedMember,6293000000.0,46000000.0,13000000.0,-12000000.0,5725000000.0,-75000000.0,-62000000.0,-59000000.0
140120260909533582,3180,2026-09-09T15:30,1,2026-07-31,ConsolidatedMember,10250000000.0,475000000.0,456000000.0,273000000.0,9012000000.0,239000000.0,242000000.0,162000000.0
140120261002545461,3186,2026-10-05T15:30,3,2026-08-31,ConsolidatedMember,600422000000.0,21624000000.0,20187000000.0,13845000000.0,476660000000.0,12975000000.0,12406000000.0,7915000000.0
140120261009548353,3192,2026-10-09T15:30,3,2026-08-31,NonConsolidatedMember,4584000000.0,-62000000.0,-84000000.0,-86000000.0,,,,
140120260911535131,3193,2026-09-11T15:30,4,2026-07-31,ConsolidatedMember,51254000000.0,2797000000.0,2800000000.0,1318000000.0,46356000000.0,3121000000.0,3103000000.0,1720000000.0
140120260914535683,3195,2026-09-14T15:00,3,2026-07-31,ConsolidatedMember,15852000000.0,170000000.0,144000000.0,56000000.0,12497000000.0,107000000.0,120000000.0,115000000.0
140120260902530837,3201,2026-10-09T15:00,3,2026-08-31,ConsolidatedMember,89186000000.0,8673000000.0,9730000000.0,7044000000.0,87092000000.0,7670000000.0,8614000000.0,5552000000.0
140120261008548049,3222,2026-10-09T15:30,2,2026-08-31,ConsolidatedMember,544779000000.0,-3283000000.0,-3337000000.0,-4645000000.0,477975000000.0,168000000.0,32000000.0,-1210000000.0
140120260824524929,3246,2026-09-10T15:30,2,2026-07-31,ConsolidatedMember,2807000000.0,-114000000.0,-23000000.0,-24000000.0,2930000000.0,-52000000.0,26000000.0,11000000.0
140120260909533433,3248,2026-09-10T15:30,3,2026-07-31,ConsolidatedMember,2370000000.0,377000000.0,289000000.0,193000000.0,2566000000.0,413000000.0,314000000.0,199000000.0
140120260817522012,3320,2026-09-11T15:30,2,2026-07-31,ConsolidatedMember,28554000000.0,232000000.0,357000000.0,101000000.0,29217000000.0,930000000.0,1074000000.0,886000000.0
140120261002545223,3321,2026-10-02T15:30,1,2026-08-31,ConsolidatedMember,31591000000.0,682000000.0,778000000.0,516000000.0,27739000000.0,709000000.0,728000000.0,563000000.0
140120260925540214,3333,2026-09-25T13:00,2,2026-08-20,NonConsolidatedMember,46230000000.0,3231000000.0,3327000000.0,2193000000.0,45900000000.0,3756000000.0,3923000000.0,2630000000.0
140120261008547593,3353,2026-10-09T15:30,2,2026-08-31,ConsolidatedMember,28255000000.0,821000000.0,1135000000.0,850000000.0,26935000000.0,743000000.0,880000000.0,666000000.0
140120260911535038,3361,2026-09-11T16:00,1,2026-07-31,ConsolidatedMember,6959000000.0,564000000.0,656000000.0,425000000.0,6081000000.0,244000000.0,387000000.0,274000000.0
140120260908533161,3377,2026-10-05T15:30,3,2026-08-31,ConsolidatedMember,29124000000.0,838000000.0,1100000000.0,793000000.0,28413000000.0,523000000.0,699000000.0,361000000.0
140120261007547460,3382,2026-10-08T15:30,2,2026-08-31,ConsolidatedMember,5460274000000.0,232280000000.0,221923000000.0,124444000000.0,5616637000000.0,208388000000.0,186436000000.0,121802000000.0
140120261006546807,3391,2026-10-07T15:30,2,2026-08-31,ConsolidatedMember,1275514000000.0,54770000000.0,54850000000.0,30252000000.0,557831000000.0,28444000000.0,28818000000.0,20365000000.0
140120261006546338,3396,2026-10-06T15:30,2,2026-08-31,ConsolidatedMember,14147000000.0,122000000.0,262000000.0,231000000.0,14255000000.0,202000000.0,247000000.0,215000000.0
140120260911534857,3399,2026-09-11T16:00,2,2026-07-31,NonConsolidatedMember,22868000000.0,2487000000.0,2538000000.0,1778000000.0,19816000000.0,1958000000.0,2002000000.0,1375000000.0
140120260914535531,3415,2026-09-14T15:30,2,2026-07-31,ConsolidatedMember,12466000000.0,857000000.0,920000000.0,518000000.0,10293000000.0,795000000.0,683000000.0,463000000.0
140120260911535034,3421,2026-09-11T15:30,4,2026-07-31,ConsolidatedMember,41468000000.0,1722000000.0,2168000000.0,1546000000.0,41905000000.0,1865000000.0,2197000000.0,1546000000.0
140120260914535513,3441,2026-09-14T16:00,4,2026-07-31,ConsolidatedMember,15531000000.0,1315000000.0,1319000000.0,1181000000.0,10830000000.0,796000000.0,806000000.0,765000000.0
140120260911534916,3444,2026-09-11T15:30,1,2026-07-31,ConsolidatedMember,1367000000.0,-152000000.0,-145000000.0,-49000000.0,1191000000.0,-315000000.0,-229000000.0,-183000000.0
140120260914535783,3475,2026-09-14T15:30,3,2026-07-31,ConsolidatedMember,34986000000.0,2637000000.0,2089000000.0,1372000000.0,24836000000.0,1082000000.0,906000000.0,459000000.0
140120261008547741,3490,2026-10-08T15:30,2,2026-08-31,ConsolidatedMember,9013000000.0,820000000.0,613000000.0,396000000.0,5263000000.0,331000000.0,157000000.0,89000000.0
140120261002545556,3498,2026-10-05T15:30,4,2026-08-31,ConsolidatedMember,163756000000.0,27866000000.0,25896000000.0,16692000000.0,96501000000.0,18933000000.0,17134000000.0,10250000000.0
140120261009548367,3501,2026-10-09T15:30,1,2026-08-31,ConsolidatedMember,25981000000.0,379000000.0,406000000.0,-121000000.0,25465000000.0,318000000.0,533000000.0,59000000.0
140120260831529125,3524,2026-09-11T16:00,1,2026-07-31,ConsolidatedMember,5159000000.0,195000000.0,137000000.0,40000000.0,5036000000.0,129000000.0,158000000.0,63000000.0
140120260911534917,3539,2026-09-11T16:00,4,2026-07-31,ConsolidatedMember,198540000000.0,9026000000.0,9183000000.0,4958000000.0,186207000000.0,10048000000.0,10144000000.0,6457000000.0
140120260918538569,3544,2026-09-18T15:30,1,2026-08-15,ConsolidatedMember,25240000000.0,-157000000.0,-176000000.0,-202000000.0,25478000000.0,163000000.0,153000000.0,67000000.0
140120260930543566,3549,2026-10-01T15:30,1,2026-08-20,ConsolidatedMember,159042000000.0,8424000000.0,8568000000.0,6866000000.0,139735000000.0,7263000000.0,7284000000.0,5033000000.0
140120260911535349,3565,2026-09-14T15:30,2,2026-07-31,ConsolidatedMember,7902000000.0,862000000.0,773000000.0,752000000.0,10833000000.0,1098000000.0,1116000000.0,773000000.0
140120260928541251,3607,2026-09-29T15:00,4,2026-08-31,ConsolidatedMember,13880000000.0,632000000.0,668000000.0,423000000.0,13591000000.0,402000000.0,416000000.0,312000000.0
140120261001544846,3612,2026-10-05T15:30,2,2026-08-31,ConsolidatedMember,142489000000.0,8409000000.0,,5877000000.0,136916000000.0,8307000000.0,,5640000000.0
140120261009548541,3627,2026-10-09T15:30,2,2026-08-31,ConsolidatedMember,5297000000.0,-74000000.0,32000000.0,-55000000.0,4875000000.0,-153000000.0,-180000000.0,-206000000.0
140120260914535709,3657,2026-09-14T16:00,2,2026-07-31,ConsolidatedMember,23025000000.0,829000000.0,996000000.0,432000000.0,24674000000.0,-206000000.0,-481000000.0,-392000000.0
140120260911535364,3665,2026-09-14T15:00,2,2026-07-31,ConsolidatedMember,2755000000.0,-437000000.0,-417000000.0,-144000000.0,2898000000.0,-17000000.0,-46000000.0,-49000000.0
140120260909533707,3733,2026-09-11T15:45,3,2026-07-31,ConsolidatedMember,32997000000.0,5578000000.0,5666000000.0,3755000000.0,28744000000.0,5852000000.0,5909000000.0,4112000000.0
140120260909533757,3804,2026-09-14T15:30,3,2026-07-31,ConsolidatedMember,4176000000.0,706000000.0,712000000.0,443000000.0,3744000000.0,693000000.0,698000000.0,489000000.0
140120260914535786,3823,2026-09-14T16:30,1,2026-07-31,ConsolidatedMember,1674000000.0,91000000.0,77000000.0,37000000.0,806000000.0,-125000000.0,-134000000.0,-156000000.0
140120260910534566,3903,2026-09-11T15:00,1,2026-07-31,ConsolidatedMember,1628000000.0,-186000000.0,-2018000000.0,-1868000000.0,1354000000.0,72000000.0,1234000000.0,1247000000.0
140120261006546736,3907,2026-10-08T16:00,3,2026-08-31,NonConsolidatedMember,3082000000.0,-206000000.0,-203000000.0,-300000000.0,3230000000.0,126000000.0,127000000.0,147000000.0
140120260910534360,3921,2026-09-11T12:00,2,2026-07-31,ConsolidatedMember,4226000000.0,1348000000.0,1389000000.0,947000000.0,3973000000.0,1250000000.0,1294000000.0,889000000.0
140120260910534084,3955,2026-09-14T16:00,2,2026-07-31,ConsolidatedMember,11345000000.0,687000000.0,716000000.0,466000000.0,11726000000.0,1215000000.0,1255000000.0,1072000000.0
140120260908532700,3974,2026-09-11T15:35,3,2026-07-31,ConsolidatedMember,1926000000.0,127000000.0,135000000.0,84000000.0,1949000000.0,147000000.0,148000000.0,93000000.0
140120260907532274,3988,2026-09-14T15:00,4,2026-07-31,ConsolidatedMember,15673000000.0,797000000.0,857000000.0,548000000.0,14051000000.0,705000000.0,732000000.0,423000000.0
140120261008547881,3996,2026-10-09T15:30,2,2026-08-31,NonConsolidatedMember,1892000000.0,76000000.0,76000000.0,92000000.0,1453000000.0,-20000000.0,-25000000.0,-26000000.0
140120260907532354,4026,2026-09-10T14:30,1,2026-07-31,NonConsolidatedMember,7239000000.0,687000000.0,669000000.0,468000000.0,6943000000.0,528000000.0,503000000.0,352000000.0
140120260914536025,4053,2026-09-14T15:30,2,2026-06-30,ConsolidatedMember,8881000000.0,1004000000.0,1189000000.0,792000000.0,7058000000.0,415000000.0,452000000.0,347000000.0
140120260911535126,4174,2026-09-14T15:30,2,2026-07-31,ConsolidatedMember,4964000000.0,166000000.0,156000000.0,67000000.0,5156000000.0,-18000000.0,-25000000.0,-35000000.0
140120261005545955,4187,2026-10-09T15:30,3,2026-08-31,ConsolidatedMember,32293000000.0,7578000000.0,7893000000.0,5325000000.0,26699000000.0,4631000000.0,4844000000.0,3435000000.0
140120260910534019,4194,2026-09-10T15:30,4,2026-07-31,ConsolidatedMember,99300000000.0,24563000000.0,26700000000.0,18566000000.0,80161000000.0,21442000000.0,22715000000.0,15950000000.0
140120260908532943,4238,2026-09-08T14:46,2,2026-07-31,ConsolidatedMember,7983000000.0,559000000.0,560000000.0,431000000.0,6340000000.0,334000000.0,362000000.0,283000000.0
140120260911534751,4287,2026-09-11T15:30,2,2026-07-31,ConsolidatedMember,1281000000.0,297000000.0,305000000.0,209000000.0,1247000000.0,310000000.0,312000000.0,215000000.0
140120261007547344,428A,2026-10-07T16:00,4,2026-08-31,ConsolidatedMember,12878000000.0,851000000.0,738000000.0,767000000.0,11288000000.0,765000000.0,647000000.0,436000000.0
140120260902530831,4334,2026-09-10T15:45,2,2026-07-31,ConsolidatedMember,2592000000.0,165000000.0,144000000.0,32000000.0,1800000000.0,51000000.0,49000000.0,34000000.0
140120261007547084,4361,2026-10-08T15:30,3,2026-08-31,ConsolidatedMember,6678000000.0,495000000.0,469000000.0,346000000.0,6356000000.0,220000000.0,199000000.0,146000000.0
140120260911534909,4382,2026-09-11T15:30,1,2026-07-31,ConsolidatedMember,1643000000.0,180000000.0,138000000.0,32000000.0,1514000000.0,117000000.0,94000000.0,-11000000.0
140120261002545592,4390,2026-10-05T17:05,1,2026-06-30,ConsolidatedMember,3930000000.0,1198000000.0,1152000000.0,831000000.0,3422000000.0,1048000000.0,973000000.0,652000000.0
140120261009548600,4430,2026-10-09T15:30,1,2026-08-31,ConsolidatedMember,3100000000.0,378000000.0,379000000.0,240000000.0,2917000000.0,341000000.0,370000000.0,242000000.0
140120261008547659,4440,2026-10-09T12:00,4,2026-08-31,ConsolidatedMember,5790000000.0,673000000.0,700000000.0,491000000.0,4856000000.0,566000000.0,588000000.0,424000000.0
140120260909533319,4441,2026-09-10T12:00,3,2026-07-31,NonConsolidatedMember,2636000000.0,755000000.0,771000000.0,516000000.0,2074000000.0,759000000.0,763000000.0,516000000.0
140120261008548227,4443,2026-10-09T15:30,1,2026-08-31,ConsolidatedMember,14753000000.0,2321000000.0,2365000000.0,1545000000.0,12283000000.0,527000000.0,528000000.0,298000000.0
140120260914535444,4446,2026-09-14T16:50,4,2026-07-31,ConsolidatedMember,4800000000.0,-382000000.0,-380000000.0,-554000000.0,4835000000.0,326000000.0,308000000.0,147000000.0
140120260925540241,4465,2026-09-25T15:30,1,2026-08-31,ConsolidatedMember,6334000000.0,585000000.0,608000000.0,415000000.0,6006000000.0,582000000.0,616000000.0,419000000.0
140120261007547333,463A,2026-10-09T15:30,1,2026-08-31,ConsolidatedMember,13727000000.0,741000000.0,481000000.0,315000000.0,,,,
140120261008548101,4645,2026-10-09T16:00,2,2026-08-31,ConsolidatedMember,9548000000.0,840000000.0,765000000.0,456000000.0,9200000000.0,504000000.0,418000000.0,830000000.0
140120260916537545,4716,2026-09-24T15:30,1,2026-08-31,NonConsolidatedMember,74861000000.0,25918000000.0,26689000000.0,18245000000.0,66275000000.0,21128000000.0,21369000000.0,14805000000.0
140120261008547872,4728,2026-10-08T15:30,4,2026-08-31,ConsolidatedMember,6316000000.0,284000000.0,332000000.0,717000000.0,6636000000.0,689000000.0,677000000.0,250000000.0
140120261009548695,4735,2026-10-09T16:00,2,2026-08-31,ConsolidatedMember,14192000000.0,52000000.0,-5000000.0,77000000.0,13108000000.0,218000000.0,191000000.0,18000000.0
140120260929542125,4760,2026-10-09T15:30,4,2026-08-31,ConsolidatedMember,6364000000.0,163000000.0,147000000.0,32000000.0,6365000000.0,234000000.0,224000000.0,127000000.0
140120261006546876,4763,2026-10-08T15:30,2,2026-08-31,ConsolidatedMember,32058000000.0,2760000000.0,2760000000.0,2107000000.0,28092000000.0,2080000000.0,2053000000.0,2186000000.0
140120260911535070,4813,2026-09-11T15:30,2,2026-07-31,ConsolidatedMember,10578000000.0,-779000000.0,-534000000.0,-588000000.0,9055000000.0,-1989000000.0,-2252000000.0,-2718000000.0
140120261007547547,4825,2026-10-08T15:30,1,2026-08-31,ConsolidatedMember,6338000000.0,892000000.0,896000000.0,592000000.0,6006000000.0,912000000.0,915000000.0,672000000.0
140120261009548565,4829,2026-10-09T16:00,1,2026-08-31,ConsolidatedMember,993000000.0,-40000000.0,-17000000.0,-22000000.0,1082000000.0,-11000000.0,5000000.0,-7000000.0
140120260907532703,4880,2026-09-08T15:30,3,2026-07-31,NonConsolidatedMember,2557000000.0,179000000.0,174000000.0,174000000.0,,,,
140120260917537870,4923,2026-09-17T16:00,1,2026-06-30,NonConsolidatedMember,1664000000.0,9000000.0,61000000.0,37000000.0,1597000000.0,-49000000.0,-37000000.0,-33000000.0
140120260914535572,4936,2026-09-14T15:30,4,2026-07-31,ConsolidatedMember,13466000000.0,-176000000.0,23000000.0,-464000000.0,13478000000.0,513000000.0,504000000.0,320000000.0
140120261008547930,4992,2026-10-09T15:30,3,2026-08-31,ConsolidatedMember,44924000000.0,5408000000.0,6268000000.0,4504000000.0,41578000000.0,4846000000.0,5580000000.0,4127000000.0
140120260910534370,4996,2026-09-11T15:00,3,2026-07-31,ConsolidatedMember,141406000000.0,7628000000.0,12205000000.0,5725000000.0,134485000000.0,10411000000.0,11567000000.0,9048000000.0
140120260914535886,500A,2026-09-14T16:00,1,2026-07-31,NonConsolidatedMember,3320000000.0,446000000.0,450000000.0,292000000.0,,,,
140120260909533416,5032,2026-09-09T15:30,1,2026-07-31,NonConsolidatedMember,16620000000.0,6390000000.0,6384000000.0,4365000000.0,15768000000.0,7003000000.0,6998000000.0,4884000000.0
140120260903531293,5076,2026-10-02T16:00,1,2026-06-30,ConsolidatedMember,308365000000.0,14398000000.0,111195000000.0,76135000000.0,191630000000.0,6662000000.0,11690000000.0,8095000000.0
140120260911534701,5079,2026-09-11T16:00,1,2026-07-31,ConsolidatedMember,8092000000.0,88000000.0,70000000.0,41000000.0,8774000000.0,219000000.0,217000000.0,142000000.0
140120260911534862,5218,2026-09-11T15:30,3,2026-07-31,ConsolidatedMember,24230000000.0,1395000000.0,1808000000.0,1149000000.0,21067000000.0,1571000000.0,1955000000.0,1130000000.0
140120261006546837,5271,2026-10-09T15:30,2,2026-08-31,ConsolidatedMember,6285000000.0,42000000.0,32000000.0,13000000.0,7255000000.0,468000000.0,432000000.0,60000000.0
140120261008548002,5341,2026-10-09T16:00,3,2026-08-31,ConsolidatedMember,3099000000.0,-90000000.0,-92000000.0,-122000000.0,3217000000.0,-177000000.0,-184000000.0,-213000000.0
140120260910534523,5889,2026-09-11T15:30,2,2026-07-31,ConsolidatedMember,10258000000.0,3503000000.0,3311000000.0,2241000000.0,8937000000.0,2886000000.0,2727000000.0,1743000000.0
140120261002545524,5900,2026-10-09T15:30,2,2026-08-31,ConsolidatedMember,5835000000.0,-10000000.0,24000000.0,-8000000.0,5197000000.0,-34000000.0,-2000000.0,-8000000.0
140120261006546363,5932,2026-10-07T15:30,1,2026-08-31,ConsolidatedMember,97268000000.0,2641000000.0,2428000000.0,1571000000.0,85855000000.0,-1164000000.0,-1207000000.0,-687000000.0
140120260930543301,5942,2026-10-01T14:00,3,2026-08-31,ConsolidatedMember,21654000000.0,1426000000.0,1659000000.0,971000000.0,20116000000.0,552000000.0,697000000.0,620000000.0
140120260907532528,5971,2026-09-10T15:40,1,2026-07-31,ConsolidatedMember,2984000000.0,279000000.0,357000000.0,238000000.0,2852000000.0,351000000.0,416000000.0,291000000.0
140120260930542986,5982,2026-10-09T16:00,2,2026-08-31,ConsolidatedMember,36145000000.0,3688000000.0,4114000000.0,2841000000.0,33396000000.0,3276000000.0,3648000000.0,2577000000.0
140120260825525742,6037,2026-09-14T15:30,4,2026-07-31,NonConsolidatedMember,3617000000.0,1899000000.0,2132000000.0,1436000000.0,3159000000.0,1544000000.0,1749000000.0,1170000000.0
140120260914535483,604A,2026-09-14T15:30,4,2026-07-31,NonConsolidatedMember,9908000000.0,1009000000.0,1022000000.0,735000000.0,8984000000.0,671000000.0,656000000.0,475000000.0
140120260928540983,6083,2026-09-30T15:30,1,2026-08-31,ConsolidatedMember,5847000000.0,942000000.0,964000000.0,524000000.0,5383000000.0,868000000.0,877000000.0,521000000.0
140120260727599785,6091,2026-09-11T16:00,4,2026-07-31,ConsolidatedMember,17001000000.0,1029000000.0,1272000000.0,945000000.0,16114000000.0,987000000.0,1215000000.0,774000000.0
140120261007547046,6093,2026-10-07T15:30,2,2026-08-31,ConsolidatedMember,2605000000.0,159000000.0,155000000.0,120000000.0,2368000000.0,159000000.0,158000000.0,126000000.0
140120261009548758,6136,2026-10-09T15:30,3,2026-08-31,ConsolidatedMember,143245000000.0,27543000000.0,29495000000.0,21364000000.0,115994000000.0,13759000000.0,14988000000.0,9643000000.0
140120260910534136,6184,2026-09-10T15:30,2,2026-07-31,ConsolidatedMember,4596000000.0,799000000.0,808000000.0,531000000.0,4017000000.0,590000000.0,590000000.0,384000000.0
140120261009548714,6264,2026-10-09T15:30,4,2026-08-31,ConsolidatedMember,20434000000.0,4130000000.0,3904000000.0,3464000000.0,11403000000.0,2067000000.0,1900000000.0,1344000000.0
140120260910534583,6267,2026-09-11T15:30,4,2026-07-31,ConsolidatedMember,11198000000.0,1299000000.0,1355000000.0,828000000.0,10108000000.0,1073000000.0,1067000000.0,799000000.0
140120261001544680,6279,2026-10-02T16:00,2,2026-08-20,ConsolidatedMember,10899000000.0,-222000000.0,-158000000.0,-146000000.0,10493000000.0,386000000.0,422000000.0,316000000.0
140120261008548166,6289,2026-10-09T15:30,4,2026-08-31,ConsolidatedMember,28424000000.0,3062000000.0,3435000000.0,2522000000.0,26337000000.0,2566000000.0,2732000000.0,1487000000.0
140120260910534266,6309,2026-09-14T16:00,3,2026-07-31,ConsolidatedMember,46805000000.0,4713000000.0,4841000000.0,3524000000.0,46406000000.0,4806000000.0,4854000000.0,3358000000.0
140120261007547481,6323,2026-10-08T15:30,2,2026-08-31,ConsolidatedMember,79733000000.0,23096000000.0,24538000000.0,15839000000.0,65602000000.0,16214000000.0,14572000000.0,10872000000.0
140120260911534744,6336,2026-09-11T14:00,2,2026-07-31,ConsolidatedMember,8092000000.0,580000000.0,603000000.0,450000000.0,7472000000.0,464000000.0,521000000.0,460000000.0
140120260910534391,6387,2026-09-14T15:30,4,2026-07-31,NonConsolidatedMember,10800000000.0,3004000000.0,3110000000.0,2230000000.0,9342000000.0,2342000000.0,2373000000.0,1697000000.0
140120261006546499,6407,2026-10-07T16:00,1,2026-06-30,ConsolidatedMember,49108000000.0,8032000000.0,8242000000.0,5686000000.0,36253000000.0,3772000000.0,3704000000.0,2477000000.0
140120261002545584,6469,2026-10-06T16:00,2,2026-08-31,ConsolidatedMember,8636000000.0,1132000000.0,1076000000.0,732000000.0,7101000000.0,616000000.0,571000000.0,343000000.0
140120261002545509,6474,2026-10-05T15:30,3,2026-08-31,ConsolidatedMember,192326000000.0,11457000000.0,10873000000.0,6629000000.0,174194000000.0,6628000000.0,5141000000.0,3640000000.0
140120261002544993,6496,2026-10-06T15:30,1,2026-08-31,ConsolidatedMember,7199000000.0,253000000.0,443000000.0,289000000.0,7076000000.0,386000000.0,586000000.0,440000000.0
140120260812518510,6497,2026-09-14T14:00,2,2026-06-30,ConsolidatedMember,7634000000.0,390000000.0,448000000.0,301000000.0,6491000000.0,375000000.0,424000000.0,233000000.0
140120261009548685,6506,2026-10-09T16:00,2,2026-08-31,ConsolidatedMember,285598000000.0,22058000000.0,25963000000.0,18988000000.0,260195000000.0,23334000000.0,25204000000.0,18247000000.0
140120260909533811,6535,2026-09-10T12:10,4,2026-07-31,ConsolidatedMember,22146000000.0,4177000000.0,4277000000.0,2890000000.0,21528000000.0,4133000000.0,4069000000.0,2957000000.0
140120260929542486,6594,2026-09-30T16:30,3,2025-12-31,ConsolidatedMember,1986357000000.0,115735000000.0,137436000000.0,39117000000.0,1940501000000.0,162339000000.0,166890000000.0,127385000000.0
140120260930543478,6594,2026-09-30T16:30,4,2026-03-31,ConsolidatedMember,2708705000000.0,-518978000000.0,-496214000000.0,-564624000000.0,2606347000000.0,128222000000.0,124576000000.0,84672000000.0
140120260910533902,6619,2026-09-10T15:30,2,2026-07-31,ConsolidatedMember,1928000000.0,-1388000000.0,-3091000000.0,-3104000000.0,1450000000.0,-2868000000.0,-5412000000.0,-5429000000.0
140120260911535058,6656,2026-09-11T15:30,1,2026-07-31,NonConsolidatedMember,496000000.0,-21000000.0,-31000000.0,-1000000.0,99000000.0,-136000000.0,-144000000.0,-145000000.0
140120261002545403,6664,2026-10-02T15:30,3,2026-08-31,ConsolidatedMember,4843000000.0,-128000000.0,-212000000.0,-259000000.0,4882000000.0,-158000000.0,-285000000.0,-98000000.0
140120261005545984,6668,2026-10-09T15:30,4,2026-08-31,ConsolidatedMember,13884000000.0,2562000000.0,3010000000.0,2127000000.0,12680000000.0,1808000000.0,1897000000.0,2007000000.0
140120260909533357,6757,2026-09-11T15:30,2,2026-07-31,ConsolidatedMember,4085000000.0,123000000.0,128000000.0,56000000.0,4170000000.0,168000000.0,180000000.0,123000000.0
140120260910534008,6778,2026-09-10T15:30,4,2026-07-31,ConsolidatedMember,2499000000.0,155000000.0,335000000.0,296000000.0,2680000000.0,116000000.0,247000000.0,133000000.0
140120261008547579,6814,2026-10-09T15:30,2,2026-08-31,ConsolidatedMember,79917000000.0,12866000000.0,13781000000.0,9948000000.0,68653000000.0,9303000000.0,10169000000.0,10190000000.0
140120260914536090,6838,2026-09-14T16:30,3,2026-07-31,ConsolidatedMember,5302000000.0,928000000.0,2452000000.0,1950000000.0,3904000000.0,167000000.0,222000000.0,163000000.0
140120260911534873,6898,2026-09-11T16:00,2,2026-07-31,ConsolidatedMember,972000000.0,48000000.0,70000000.0,56000000.0,730000000.0,-47000000.0,-26000000.0,127000000.0
140120260917537642,6905,2026-09-18T11:30,1,2026-08-20,ConsolidatedMember,7814000000.0,545000000.0,580000000.0,661000000.0,5075000000.0,-389000000.0,-79000000.0,-68000000.0
140120260929542433,6908,2026-09-30T16:00,4,2026-03-31,ConsolidatedMember,61961000000.0,5436000000.0,6132000000.0,2553000000.0,56385000000.0,5449000000.0,5567000000.0,2512000000.0
140120260909533302,6966,2026-09-09T15:30,2,2026-07-31,ConsolidatedMember,130672000000.0,11818000000.0,13319000000.0,9943000000.0,108334000000.0,6347000000.0,5978000000.0,4189000000.0
140120260911535236,7034,2026-09-14T15:30,3,2026-07-31,ConsolidatedMember,4171000000.0,314000000.0,289000000.0,-43000000.0,8370000000.0,3162000000.0,3154000000.0,-21000000.0
140120260911534959,7058,2026-09-11T15:30,4,2026-07-31,ConsolidatedMember,15346000000.0,1163000000.0,1227000000.0,694000000.0,10151000000.0,508000000.0,542000000.0,-38000000.0
140120260907532701,7064,2026-09-09T15:30,2,2026-07-31,ConsolidatedMember,1654000000.0,329000000.0,321000000.0,189000000.0,1407000000.0,284000000.0,281000000.0,175000000.0
140120260910534030,7095,2026-09-10T15:30,1,2026-07-31,ConsolidatedMember,12290000000.0,764000000.0,749000000.0,442000000.0,12780000000.0,754000000.0,744000000.0,505000000.0
140120260907532764,7126,2026-09-11T15:30,4,2026-07-31,NonConsolidatedMember,12383000000.0,939000000.0,958000000.0,651000000.0,11460000000.0,801000000.0,821000000.0,503000000.0
140120260911534724,7131,2026-09-11T15:30,3,2026-07-31,ConsolidatedMember,6040000000.0,834000000.0,835000000.0,590000000.0,5129000000.0,554000000.0,555000000.0,371000000.0
140120260908533193,7196,2026-09-10T15:30,2,2026-07-31,ConsolidatedMember,6726000000.0,-99000000.0,-62000000.0,-79000000.0,6343000000.0,-143000000.0,-94000000.0,73000000.0
140120260925540450,7427,2026-10-09T15:40,2,2026-08-31,ConsolidatedMember,55064000000.0,330000000.0,314000000.0,187000000.0,52875000000.0,677000000.0,680000000.0,454000000.0
140120260828527776,7435,2026-09-08T15:40,1,2026-07-31,ConsolidatedMember,9572000000.0,95000000.0,219000000.0,12000000.0,7760000000.0,-82000000.0,-11000000.0,-129000000.0
140120260930543766,7447,2026-10-01T15:30,4,2026-08-31,ConsolidatedMember,17205000000.0,3625000000.0,3835000000.0,2650000000.0,16983000000.0,3583000000.0,3706000000.0,2573000000.0
140120260929541858,7487,2026-10-08T15:30,1,2026-08-31,ConsolidatedMember,2964000000.0,333000000.0,419000000.0,303000000.0,2669000000.0,150000000.0,238000000.0,164000000.0
140120261009548672,7501,2026-10-09T15:30,3,2026-08-31,NonConsolidatedMember,2613000000.0,-68000000.0,-58000000.0,-86000000.0,2329000000.0,-88000000.0,-80000000.0,-102000000.0
140120260924539741,7513,2026-10-08T15:30,4,2026-08-31,NonConsolidatedMember,297632000000.0,8622000000.0,8911000000.0,5529000000.0,282790000000.0,7325000000.0,7732000000.0,4709000000.0
140120261007547469,7544,2026-10-08T16:00,2,2026-08-31,ConsolidatedMember,7670000000.0,827000000.0,838000000.0,237000000.0,7613000000.0,864000000.0,870000000.0,249000000.0
140120260928541537,7545,2026-10-01T15:30,2,2026-08-20,ConsolidatedMember,102636000000.0,7032000000.0,7378000000.0,4992000000.0,96973000000.0,7305000000.0,7508000000.0,4969000000.0
140120260914535674,7604,2026-09-14T13:00,1,2026-07-31,ConsolidatedMember,7005000000.0,83000000.0,-11000000.0,-50000000.0,7024000000.0,-17000000.0,-92000000.0,-119000000.0
140120261002545200,7611,2026-10-02T15:00,2,2026-08-31,NonConsolidatedMember,34063000000.0,4067000000.0,4099000000.0,2774000000.0,30754000000.0,3663000000.0,3680000000.0,2490000000.0
140120260911534871,7614,2026-09-14T15:30,2,2026-07-31,ConsolidatedMember,17590000000.0,667000000.0,799000000.0,528000000.0,17298000000.0,542000000.0,651000000.0,404000000.0
140120260917537930,7624,2026-09-28T16:00,2,2026-08-31,ConsolidatedMember,25640000000.0,821000000.0,863000000.0,590000000.0,21705000000.0,207000000.0,229000000.0,150000000.0
140120261005545816,7630,2026-10-05T15:30,2,2026-08-31,ConsolidatedMember,35227000000.0,2091000000.0,2191000000.0,1095000000.0,32018000000.0,2526000000.0,2708000000.0,1384000000.0
140120260909533860,7640,2026-09-10T15:30,3,2026-07-31,ConsolidatedMember,14617000000.0,133000000.0,103000000.0,1662000000.0,13250000000.0,-221000000.0,-284000000.0,-407000000.0
140120260929541653,7649,2026-10-08T15:30,2,2026-08-31,ConsolidatedMember,540713000000.0,24747000000.0,23911000000.0,12989000000.0,500172000000.0,23696000000.0,24236000000.0,28616000000.0
140120261009548446,7673,2026-10-09T15:30,1,2026-08-31,NonConsolidatedMember,5544000000.0,375000000.0,396000000.0,261000000.0,4832000000.0,228000000.0,238000000.0,167000000.0
140120260908533265,7678,2026-09-09T16:03,2,2026-07-31,NonConsolidatedMember,5859000000.0,168000000.0,172000000.0,92000000.0,4606000000.0,179000000.0,181000000.0,125000000.0
140120260925540070,7679,2026-10-05T15:30,2,2026-08-31,ConsolidatedMember,89759000000.0,3289000000.0,3239000000.0,2232000000.0,82821000000.0,3472000000.0,3577000000.0,2530000000.0
140120260909533554,7682,2026-09-10T15:30,4,2026-07-31,NonConsolidatedMember,6276000000.0,205000000.0,207000000.0,9000000.0,6092000000.0,189000000.0,192000000.0,81000000.0
140120260914535832,7683,2026-09-14T15:30,2,2026-07-31,ConsolidatedMember,11080000000.0,4000000.0,189000000.0,43000000.0,11747000000.0,710000000.0,794000000.0,484000000.0
140120260910534614,7692,2026-09-11T12:00,4,2026-07-31,NonConsolidatedMember,7733000000.0,821000000.0,791000000.0,587000000.0,6725000000.0,696000000.0,674000000.0,461000000.0
140120261009548383,7713,2026-10-09T15:00,1,2026-08-31,ConsolidatedMember,3382000000.0,518000000.0,556000000.0,373000000.0,2505000000.0,152000000.0,189000000.0,108000000.0
140120260908533045,7804,2026-09-09T15:30,3,2026-07-31,ConsolidatedMember,3481000000.0,520000000.0,521000000.0,350000000.0,3252000000.0,504000000.0,512000000.0,350000000.0
140120260911534673,7810,2026-09-14T15:04,4,2026-07-31,ConsolidatedMember,5536000000.0,94000000.0,61000000.0,26000000.0,3757000000.0,55000000.0,23000000.0,22000000.0
140120260911535075,7827,2026-09-14T15:30,3,2026-07-31,ConsolidatedMember,8548000000.0,180000000.0,170000000.0,91000000.0,9963000000.0,559000000.0,548000000.0,348000000.0
140120260911534797,7831,2026-09-11T15:30,3,2026-07-31,ConsolidatedMember,6755000000.0,-301000000.0,-251000000.0,384000000.0,6255000000.0,-370000000.0,-389000000.0,-207000000.0
140120260910534126,7850,2026-09-11T16:00,4,2026-07-31,ConsolidatedMember,16030000000.0,315000000.0,452000000.0,313000000.0,16236000000.0,351000000.0,431000000.0,319000000.0
140120260911534723,7878,2026-09-11T15:30,2,2026-07-31,NonConsolidatedMember,3049000000.0,443000000.0,439000000.0,303000000.0,2061000000.0,102000000.0,95000000.0,58000000.0
140120260907532204,7888,2026-10-09T15:30,1,2026-08-31,ConsolidatedMember,24717000000.0,1346000000.0,1070000000.0,685000000.0,22421000000.0,1190000000.0,995000000.0,708000000.0
140120260827527053,7901,2026-09-14T15:30,1,2026-07-31,NonConsolidatedMember,380000000.0,-96000000.0,-99000000.0,-100000000.0,382000000.0,-139000000.0,-134000000.0,-136000000.0
140120260929541752,7915,2026-09-30T15:30,2,2026-06-30,ConsolidatedMember,96033000000.0,-4500000000.0,-4806000000.0,-5473000000.0,97049000000.0,2558000000.0,1092000000.0,20000000.0
140120260928540809,7921,2026-09-29T15:00,1,2026-08-31,ConsolidatedMember,9512000000.0,2125000000.0,2219000000.0,1446000000.0,9086000000.0,1706000000.0,1783000000.0,1193000000.0
140120260928540855,7965,2026-10-02T15:30,3,2026-08-20,ConsolidatedMember,69987000000.0,5856000000.0,6348000000.0,4015000000.0,67687000000.0,5560000000.0,6107000000.0,4137000000.0
140120261002545010,7975,2026-10-02T15:30,2,2026-08-31,ConsolidatedMember,4846000000.0,23000000.0,63000000.0,35000000.0,4879000000.0,6000000.0,44000000.0,33000000.0
140120260910534293,7983,2026-09-11T15:30,3,2026-07-31,ConsolidatedMember,9559000000.0,246000000.0,417000000.0,394000000.0,9481000000.0,169000000.0,420000000.0,361000000.0
140120261009548443,8008,2026-10-09T15:30,2,2026-08-31,ConsolidatedMember,39442000000.0,2709000000.0,2871000000.0,1557000000.0,32474000000.0,1124000000.0,1310000000.0,781000000.0
140120261006546359,8011,2026-10-06T11:00,2,2026-08-31,ConsolidatedMember,25953000000.0,-499000000.0,-421000000.0,-555000000.0,27042000000.0,-213000000.0,-149000000.0,-299000000.0
140120260828528101,8013,2026-09-11T15:30,2,2026-07-31,ConsolidatedMember,7071000000.0,-311000000.0,-166000000.0,-201000000.0,5982000000.0,-326000000.0,-295000000.0,-318000000.0
140120261007547260,8016,2026-10-08T15:30,2,2026-08-31,ConsolidatedMember,117525000000.0,6139000000.0,5936000000.0,5625000000.0,112636000000.0,5736000000.0,5521000000.0,4822000000.0
140120260910534227,8077,2026-09-11T15:30,3,2026-07-31,ConsolidatedMember,16272000000.0,514000000.0,609000000.0,386000000.0,17169000000.0,872000000.0,918000000.0,607000000.0
140120260910534591,8079,2026-09-11T15:00,3,2026-07-31,ConsolidatedMember,101320000000.0,4793000000.0,4864000000.0,3520000000.0,94526000000.0,4218000000.0,4265000000.0,2605000000.0
140120261007547390,8125,2026-10-08T16:00,2,2026-08-31,ConsolidatedMember,48788000000.0,2670000000.0,2753000000.0,1589000000.0,44693000000.0,2558000000.0,2631000000.0,1712000000.0
140120261007547358,8127,2026-10-09T14:00,4,2026-08-31,ConsolidatedMember,19882000000.0,-289000000.0,-100000000.0,203000000.0,19444000000.0,-201000000.0,-62000000.0,143000000.0
140120260911534855,8142,2026-09-11T15:30,2,2026-07-31,ConsolidatedMember,136455000000.0,3697000000.0,3768000000.0,2371000000.0,123092000000.0,3454000000.0,3487000000.0,1793000000.0
140120261002545176,8166,2026-10-07T15:30,2,2026-08-31,NonConsolidatedMember,3851000000.0,-239000000.0,-201000000.0,-283000000.0,4278000000.0,3000000.0,64000000.0,1000000.0
140120261009548813,8185,2026-10-09T15:30,2,2026-08-31,ConsolidatedMember,40511000000.0,557000000.0,851000000.0,130000000.0,41830000000.0,1379000000.0,1494000000.0,921000000.0
140120261001544866,8194,2026-10-08T11:30,2,2026-08-31,ConsolidatedMember,450051000000.0,12448000000.0,13063000000.0,8589000000.0,440114000000.0,13303000000.0,13858000000.0,9327000000.0
140120261009548352,8200,2026-10-09T15:30,2,2026-08-31,ConsolidatedMember,23308000000.0,1118000000.0,1003000000.0,667000000.0,22399000000.0,790000000.0,844000000.0,511000000.0
140120260923539078,8203,2026-10-08T15:00,2,2026-08-31,ConsolidatedMember,78115000000.0,3062000000.0,3001000000.0,1937000000.0,74770000000.0,2807000000.0,2911000000.0,1895000000.0
140120260925540554,8217,2026-09-29T13:00,2,2026-08-20,ConsolidatedMember,123227000000.0,-57000000.0,13000000.0,-187000000.0,124448000000.0,579000000.0,670000000.0,248000000.0
140120260927540636,8227,2026-09-28T15:30,2,2026-08-20,ConsolidatedMember,357260000000.0,33129000000.0,34948000000.0,24191000000.0,343577000000.0,31461000000.0,32556000000.0,22901000000.0
140120260831529101,8244,2026-10-09T15:30,2,2026-08-31,ConsolidatedMember,57362000000.0,3014000000.0,3052000000.0,2220000000.0,62546000000.0,2620000000.0,2630000000.0,3580000000.0
140120260930542868,8276,2026-10-01T13:30,2,2026-08-20,ConsolidatedMember,230489000000.0,5665000000.0,6190000000.0,3580000000.0,223539000000.0,6833000000.0,7512000000.0,4904000000.0
140120261007547428,8278,2026-10-08T15:00,2,2026-08-31,ConsolidatedMember,398069000000.0,2291000000.0,2518000000.0,3109000000.0,408542000000.0,4501000000.0,5356000000.0,2645000000.0
140120261008548186,8570,2026-10-09T15:30,2,2026-08-31,ConsolidatedMember,311202000000.0,25209000000.0,25972000000.0,10052000000.0,278160000000.0,28322000000.0,29192000000.0,8745000000.0
140120260917538268,8798,2026-09-18T15:30,3,2026-06-30,ConsolidatedMember,4855000000.0,-271000000.0,-340000000.0,-768000000.0,4836000000.0,-699000000.0,-859000000.0,-1405000000.0
140120260929542410,8908,2026-10-09T15:30,1,2026-08-31,ConsolidatedMember,5191000000.0,316000000.0,299000000.0,207000000.0,4792000000.0,286000000.0,251000000.0,175000000.0
140120261008547947,8918,2026-10-08T16:00,1,2026-05-31,ConsolidatedMember,,,,,,,,
140120261005545693,8923,2026-10-05T14:30,3,2026-08-31,ConsolidatedMember,99604000000.0,23445000000.0,21664000000.0,14817000000.0,83961000000.0,20798000000.0,19437000000.0,14045000000.0
140120260911535000,8927,2026-09-14T15:30,4,2026-07-31,ConsolidatedMember,36894000000.0,4704000000.0,3981000000.0,2745000000.0,29796000000.0,3373000000.0,2683000000.0,1893000000.0
140120261002545036,8931,2026-10-02T15:30,2,2026-08-31,NonConsolidatedMember,22182000000.0,2049000000.0,1425000000.0,962000000.0,22182000000.0,2758000000.0,2305000000.0,1647000000.0
140120260910534357,9262,2026-09-11T16:00,4,2026-07-31,ConsolidatedMember,,,,,,,,
140120260929542301,9265,2026-09-30T16:00,1,2026-08-31,ConsolidatedMember,15045000000.0,-131000000.0,-106000000.0,-101000000.0,15078000000.0,36000000.0,67000000.0,-2000000.0
140120260911535133,9279,2026-09-14T15:30,3,2026-07-31,ConsolidatedMember,32270000000.0,3718000000.0,3719000000.0,2457000000.0,26113000000.0,2375000000.0,2378000000.0,1575000000.0
140120261008547874,9313,2026-10-09T14:00,3,2026-08-31,ConsolidatedMember,3772000000.0,472000000.0,519000000.0,384000000.0,3693000000.0,437000000.0,425000000.0,284000000.0
140120260929542371,9369,2026-09-30T17:00,3,2026-08-31,ConsolidatedMember,156245000000.0,4407000000.0,3590000000.0,1833000000.0,150695000000.0,4451000000.0,3768000000.0,2081000000.0
140120261001544135,9381,2026-10-09T12:00,2,2026-08-31,ConsolidatedMember,30517000000.0,2243000000.0,2390000000.0,1589000000.0,28244000000.0,2023000000.0,2397000000.0,1628000000.0
140120261007547248,9414,2026-10-08T15:30,4,2026-08-31,ConsolidatedMember,11921000000.0,1769000000.0,1868000000.0,1298000000.0,11812000000.0,1932000000.0,1985000000.0,1345000000.0
140120260911535327,9425,2026-09-14T16:00,3,2026-07-31,NonConsolidatedMember,6673000000.0,-92000000.0,-134000000.0,-136000000.0,4273000000.0,-190000000.0,-206000000.0,-238000000.0
140120260911534824,9603,2026-09-11T15:30,3,2026-07-31,ConsolidatedMember,279300000000.0,5132000000.0,4605000000.0,-4990000000.0,266324000000.0,6265000000.0,6046000000.0,1782000000.0
140120260914535543,9627,2026-09-14T15:30,1,2026-07-31,ConsolidatedMember,177120000000.0,4613000000.0,3919000000.0,1975000000.0,132969000000.0,4254000000.0,4259000000.0,1930000000.0
140120260908532897,9632,2026-09-08T16:00,2,2026-07-31,ConsolidatedMember,15163000000.0,2459000000.0,2500000000.0,1699000000.0,14651000000.0,2779000000.0,2839000000.0,1911000000.0
140120260904531677,9636,2026-09-08T15:30,2,2026-07-31,NonConsolidatedMember,1805000000.0,124000000.0,132000000.0,82000000.0,1878000000.0,178000000.0,181000000.0,128000000.0
140120261007547092,9647,2026-10-09T15:30,3,2026-08-31,ConsolidatedMember,6628000000.0,958000000.0,958000000.0,626000000.0,6540000000.0,781000000.0,793000000.0,526000000.0
140120260929542224,9651,2026-09-30T15:30,1,2026-08-31,ConsolidatedMember,2989000000.0,382000000.0,389000000.0,285000000.0,2752000000.0,341000000.0,354000000.0,262000000.0
140120260909533778,9692,2026-09-10T15:30,2,2026-07-31,ConsolidatedMember,35080000000.0,4160000000.0,4234000000.0,2883000000.0,30843000000.0,3451000000.0,3516000000.0,2384000000.0
140120261007547464,9716,2026-10-08T15:30,2,2026-08-31,ConsolidatedMember,73322000000.0,5261000000.0,5426000000.0,3412000000.0,80534000000.0,6895000000.0,7027000000.0,4442000000.0
140120261007547180,9720,2026-10-08T15:30,3,2026-08-31,NonConsolidatedMember,5073000000.0,311000000.0,317000000.0,450000000.0,4754000000.0,180000000.0,154000000.0,230000000.0
140120261009548564,9740,2026-10-09T15:30,2,2026-08-31,ConsolidatedMember,40586000000.0,2787000000.0,2867000000.0,986000000.0,38741000000.0,2533000000.0,2628000000.0,1698000000.0
140120260910533962,9743,2026-09-11T15:30,2,2026-07-31,ConsolidatedMember,48392000000.0,3342000000.0,3420000000.0,2333000000.0,56043000000.0,5615000000.0,5670000000.0,3831000000.0
140120261007547258,9765,2026-10-08T16:00,1,2026-08-31,ConsolidatedMember,3117000000.0,179000000.0,185000000.0,122000000.0,2944000000.0,175000000.0,184000000.0,124000000.0
140120261003544976,9793,2026-10-05T15:30,2,2026-08-31,ConsolidatedMember,37492000000.0,8345000000.0,8657000000.0,5805000000.0,36117000000.0,7450000000.0,7629000000.0,4712000000.0
140120261006546579,9835,2026-10-09T13:00,2,2026-08-31,NonConsolidatedMember,22523000000.0,958000000.0,918000000.0,632000000.0,23488000000.0,871000000.0,850000000.0,572000000.0
140120261006546368,9846,2026-10-07T15:30,2,2026-08-31,ConsolidatedMember,30016000000.0,954000000.0,970000000.0,691000000.0,29545000000.0,1069000000.0,1129000000.0,602000000.0
140120261008547781,9861,2026-10-08T16:00,2,2026-08-31,ConsolidatedMember,121494000000.0,5782000000.0,6222000000.0,3810000000.0,110446000000.0,4438000000.0,4802000000.0,2644000000.0
140120261002545339,9872,2026-10-02T16:00,3,2026-08-20,NonConsolidatedMember,44311000000.0,544000000.0,670000000.0,412000000.0,44132000000.0,500000000.0,650000000.0,395000000.0
140120261007547023,9903,2026-10-08T15:30,2,2026-08-31,NonConsolidatedMember,17463000000.0,294000000.0,210000000.0,231000000.0,17565000000.0,280000000.0,243000000.0,211000000.0
140120261007547463,9946,2026-10-08T15:30,2,2026-08-31,ConsolidatedMember,51073000000.0,-2836000000.0,-2611000000.0,-3995000000.0,48727000000.0,1116000000.0,1348000000.0,502000000.0
140120261008548092,9974,2026-10-09T14:00,2,2026-08-31,ConsolidatedMember,216905000000.0,6914000000.0,7040000000.0,4583000000.0,211011000000.0,8884000000.0,9019000000.0,6144000000.0
140120260928541390,9976,2026-09-29T16:00,2,2026-08-20,NonConsolidatedMember,15814000000.0,637000000.0,624000000.0,401000000.0,16094000000.0,523000000.0,530000000.0,328000000.0
140120261008548224,9982,2026-10-09T14:00,2,2026-08-31,ConsolidatedMember,31682000000.0,748000000.0,776000000.0,1001000000.0,31799000000.0,1117000000.0,1141000000.0,929000000.0
140120261008547647,9983,2026-10-08T15:31,4,2026-08-31,ConsolidatedMember,3963389000000.0,743128000000.0,802505000000.0,542516000000.0,3400539000000.0,564265000000.0,650574000000.0,433009000000.0
